month_id,country_id,sc_cm_sb_cflong_calibrated
483,40,5.927277585460644e-19
483,41,1.234457287462922e-05
483,42,0.004564223229751731
483,43,5.318473595038016e-06
483,47,0.8187645908624072
483,48,1.1179857141133726e-05
483,49,5.927277585460644e-19
483,50,0.8069004457111759
483,52,8.004419926780458e-06
483,53,5.6293519601271847e-08
483,54,0.004621107167033868
483,55,9.009278361886653e-06
483,56,6.158380344131083e-06
483,57,0.03218210134394288
483,67,0.0007694629806230508
483,69,0.8671805274581587
483,70,0.07341564540269224
483,73,0.0014358613026935112
483,74,0.025511807417871103
483,76,5.927277585460644e-19
483,78,0.5547130902309902
483,79,0.9982454284771789
483,80,5.927277585460644e-19
483,81,9.578660352836436e-05
483,120,0.9937543311663618
483,154,5.927277585460644e-19
483,155,0.006446218864927188
483,156,0.0025038316451590934
483,157,5.927277585460644e-19
483,158,2.0417957542296103e-05
483,159,0.001590311762533186
483,160,0.0006029495472186501
483,161,0.029807887663429886
483,162,0.7120628505137677
483,163,0.0046974973528487235
483,164,2.0012367150514975e-07
483,165,0.0008514435955486918
483,166,0.0009549837550109905
483,167,0.9550710620103519
483,169,5.6293519601271847e-08
483,170,0.0012584882204372918
483,172,1.1179857141133726e-05
483,173,5.927277585460644e-19
483,174,5.927277585460644e-19
483,213,0.6318560212890941
483,214,0.25509279943258656
483,222,0.4326373396067792
483,235,0.0002712169464336811
483,237,0.04147571720416314
483,242,0.006401361175619973
483,243,4.2029301501168206e-07
483,244,4.534927285224908e-06
483,245,0.01966597281590206
483,246,0.02644044507789362
484,40,3.71889896031941e-18
484,41,2.560312215461772e-05
484,42,0.008466688385167408
484,43,5.37710043628385e-06
484,47,0.7986517092771863
484,48,5.9292268392053876e-05
484,49,3.71889896031941e-18
484,50,0.7886846319004446
484,52,8.00264951283998e-05
484,53,2.814675980405846e-08
484,54,0.004553921686187226
484,55,2.3935474898246433e-05
484,56,1.1120686116589696e-05
484,57,0.06424879701155291
484,67,0.0007103138448037148
484,69,0.8347862381641844
484,70,0.08648284132774539
484,73,0.002131262229746123
484,74,0.02008663643923294
484,76,5.007101955281401e-07
484,78,0.5406823287394448
484,79,0.998616468007254
484,80,3.71889896031941e-18
484,81,0.000273902039936036
484,120,0.9944824411795328
484,154,2.717863638765139e-06
484,155,0.010119748056154773
484,156,0.003923126551578202
484,157,7.533445423138393e-08
484,158,8.150676877058581e-05
484,159,0.0009536799724773642
484,160,0.0008547546678047733
484,161,0.03397981632173061
484,162,0.7414659090659379
484,163,0.014070453351093314
484,164,8.14155778027673e-06
484,165,0.00119148332710891
484,166,0.0012174422519497584
484,167,0.9444627766347142
484,169,8.504380078715482e-07
484,170,0.0008786719435461552
484,172,1.3631424515091017e-05
484,173,3.71889896031941e-18
484,174,3.71889896031941e-18
484,213,0.5804570047366229
484,214,0.23777449074756604
484,222,0.5004771032616329
484,235,0.0003578111214444016
484,237,0.05976069826202401
484,242,0.012436665795577173
484,243,2.3688297822826544e-06
484,244,3.876653993058371e-05
484,245,0.04688966171956428
484,246,0.043449019086583024
485,40,6.845070162092755e-18
485,41,3.886167143460622e-05
485,42,0.012369153540583086
485,43,5.435727277529685e-06
485,47,0.7785388276919654
485,48,0.00010740467964297402
485,49,6.845070162092755e-18
485,50,0.7704688180897132
485,52,0.00015204857033001914
485,53,6.845070162092755e-18
485,54,0.004486736205340585
485,55,3.886167143460622e-05
485,56,1.608299188904831e-05
485,57,0.09631549267916294
485,67,0.0006511647089843789
485,69,0.8023919488702103
485,70,0.09955003725279853
485,73,0.0028266631567987347
485,74,0.014661465460594773
485,76,1.0014203910556876e-06
485,78,0.5266515672478993
485,79,0.9989875075373292
485,80,6.845070162092755e-18
485,81,0.0004520174763437077
485,120,0.9952105511927036
485,154,5.435727277529685e-06
485,155,0.013793277247382359
485,156,0.005342421457997311
485,157,1.5066890846217516e-07
485,158,0.0001425955799988755
485,159,0.00031704818242154245
485,160,0.0011065597883908964
485,161,0.03815174498003133
485,162,0.7708689676181082
485,163,0.023443409349337904
485,164,1.608299188904831e-05
485,165,0.001531523058669128
485,166,0.0014799007488885262
485,167,0.9338544912590766
485,169,1.6445824961418246e-06
485,170,0.0004988556666550185
485,172,1.608299188904831e-05
485,173,6.845070162092755e-18
485,174,6.845070162092755e-18
485,213,0.5290579881841517
485,214,0.22045618206254552
485,222,0.5683168669164866
485,235,0.0004444052964551221
485,237,0.07804567931988488
485,242,0.01847197041553437
485,243,4.317366549553627e-06
485,244,7.299815257594252e-05
485,245,0.07411335062322649
485,246,0.060457593095272426
486,40,9.01529499199881e-18
486,41,5.257171317658745e-05
486,42,0.015767457840613976
486,43,2.3965544671184916e-05
486,47,0.7799025026450598
486,48,0.00023674850177072174
486,49,9.01529499199881e-18
486,50,0.7820126094766106
486,52,0.00030227205913297615
486,53,6.696183370960385e-08
486,54,0.007268444461933289
486,55,0.00015312879934075617
486,56,7.695600588522837e-05
486,57,0.09078951679232411
486,67,0.0011387073128635262
486,69,0.8010618699221884
486,70,0.10717200315700738
486,73,0.005430554652633044
486,74,0.018044516337530323
486,76,1.0993988848567603e-06
486,78,0.5301022311601127
486,79,0.9982817570103125
486,80,9.01529499199881e-18
486,81,0.0005277169201138874
486,120,0.9917464038201318
486,154,4.65115904424437e-06
486,155,0.013665527148012805
486,156,0.007217778163686639
486,157,1.5904356001673113e-05
486,158,0.00017133367063191702
486,159,0.0005254497200302092
486,160,0.004229377017867105
486,161,0.049736540757674065
486,162,0.7320516751871842
486,163,0.03408655261887377
486,164,1.2540537243618198e-05
486,165,0.0019940187700780397
486,166,0.0019232470439596945
486,167,0.9054128022526035
486,169,1.5281736215808517e-06
486,170,0.0006930218098487969
486,172,0.00012849740179025424
486,173,9.01529499199881e-18
486,174,9.01529499199881e-18
486,213,0.5006374501555404
486,214,0.25180162661781286
486,222,0.523976222027048
486,235,0.0007575120607133542
486,237,0.07560320139572406
486,242,0.028890647521800317
486,243,3.9550555829414896e-05
486,244,6.041540970574126e-05
486,245,0.07219764001443806
486,246,0.07228055575313272
487,40,1.1185519821904863e-17
487,41,6.628175491856868e-05
487,42,0.019165762140644867
487,43,4.249536206484015e-05
487,47,0.7812661775981541
487,48,0.00036609232389846945
487,49,1.1185519821904863e-17
487,50,0.7935564008635078
487,52,0.0004524955479359332
487,53,1.3392366741236262e-07
487,54,0.010050152718525994
487,55,0.0002673959272469061
487,56,0.0001378290198814084
487,57,0.08526354090548528
487,67,0.0016262499167426733
487,69,0.7997317909741666
487,70,0.11479396906121625
487,73,0.008034446148467352
487,74,0.02142756721446587
487,76,1.1973773786578332e-06
487,78,0.5335528950723261
487,79,0.9975760064832957
487,80,1.1185519821904863e-17
487,81,0.0006034163638840671
487,120,0.98828225644756
487,154,3.8665908109590555e-06
487,155,0.013537777048643252
487,156,0.009093134869375968
487,157,3.1658043094884046e-05
487,158,0.00020007176126495856
487,159,0.0007338512576388758
487,160,0.007352194247343314
487,161,0.061321336535316795
487,162,0.69323438275626
487,163,0.04472969588840964
487,164,8.998082598188086e-06
487,165,0.002456514481486952
487,166,0.0023665933390308626
487,167,0.8769711132461303
487,169,1.4117647470198787e-06
487,170,0.0008871879530425754
487,172,0.00024091181169146018
487,173,1.1185519821904863e-17
487,174,1.1185519821904863e-17
487,213,0.47221691212692907
487,214,0.2831470711730802
487,222,0.4796355771376093
487,235,0.0010706188249715862
487,237,0.07316072347156324
487,242,0.039309324628066265
487,243,7.478374510927616e-05
487,244,4.7832666835540005e-05
487,245,0.07028192940564963
487,246,0.084103518410993
488,40,1.3355744651810917e-17
488,41,7.999179666054991e-05
488,42,0.022564066440675757
488,43,6.102517945849538e-05
488,47,0.7826298525512485
488,48,0.0004954361460262172
488,49,1.3355744651810917e-17
488,50,0.8051001922504051
488,52,0.0006027190367388902
488,53,2.008855011151214e-07
488,54,0.012831860975118698
488,55,0.00038166305515305613
488,56,0.00019870203387758846
488,57,0.07973756501864646
488,67,0.0021137925206218206
488,69,0.7984017120261447
488,70,0.1224159349654251
488,73,0.01063833764430166
488,74,0.02481061809140142
488,76,1.2953558724589059e-06
488,78,0.5370035589845394
488,79,0.996870255956279
488,80,1.3355744651810917e-17
488,81,0.0006791158076542469
488,120,0.9848181090749881
488,154,3.08202257767374e-06
488,155,0.013410026949273698
488,156,0.010968491575065296
488,157,4.741173018809498e-05
488,158,0.00022880985189800007
488,159,0.0009422527952475426
488,160,0.01047501147681952
488,161,0.07290613231295953
488,162,0.654417090325336
488,163,0.055372839157945504
488,164,5.455627952757973e-06
488,165,0.0029190101928958634
488,166,0.002809939634102031
488,167,0.8485294242396572
488,169,1.2953558724589059e-06
488,170,0.0010813540962363538
488,172,0.00035332622159266614
488,173,1.3355744651810917e-17
488,174,1.3355744651810917e-17
488,213,0.44379637409831774
488,214,0.3144925157283475
488,222,0.4352949322481706
488,235,0.0013837255892298183
488,237,0.07071824554740243
488,242,0.04972800173433221
488,243,0.00011001693438913743
488,244,3.524992396533874e-05
488,245,0.0683662187968612
488,246,0.09592648106885329
489,40,1.7068231789502282e-17
489,41,0.0001235072845039309
489,42,0.03071420754785946
489,43,7.954647160633873e-05
489,47,0.747324660891911
489,48,0.0004785635724138826
489,49,1.7068231789502282e-17
489,50,0.7873274674446765
489,52,0.0006071527483921675
489,53,1.3392366741824532e-07
489,54,0.027353465968996737
489,55,0.0004694816582791429
489,56,0.0002779505435257384
489,57,0.07680704210674758
489,67,0.004402294828786466
489,69,0.789108017507309
489,70,0.13636294355971448
489,73,0.011663897128628893
489,74,0.03591573330360229
489,76,1.6931613276771774e-06
489,78,0.5117493574558634
489,79,0.9960605179494424
489,80,1.7068231789502282e-17
489,81,0.0009532656734268362
489,120,0.9804948337551722
489,154,5.880479495203199e-06
489,155,0.013536074350697449
489,156,0.010990521904944688
489,157,4.277877270571341e-05
489,158,0.0011227332661508378
489,159,0.009059327850675616
489,160,0.014362474303441118
489,161,0.11818923742946344
489,162,0.6577034455131
489,163,0.06891836154917393
489,164,9.564944118903647e-06
489,165,0.0038594826668938323
489,166,0.003424312127207748
489,167,0.8613166479532626
489,169,1.1247003709169757e-06
489,170,0.003409744477802794
489,172,0.0004441035430319807
489,173,1.7068231789502282e-17
489,174,1.7068231789502282e-17
489,213,0.4387274859198691
489,214,0.3121154257452311
489,222,0.4983965536403188
489,235,0.0020909169206308727
489,237,0.07645355867874183
489,242,0.06874292966670638
489,243,0.00016308463249447812
489,244,4.000403888967873e-05
489,245,0.0831817980858229
489,246,0.13341422149179016
490,40,2.078071892719365e-17
490,41,0.0001670227723473119
490,42,0.03886434865504316
490,43,9.806776375418207e-05
490,47,0.7120194692325733
490,48,0.000461690998801548
490,49,2.078071892719365e-17
490,50,0.7695547426389481
490,52,0.0006115864600454447
490,53,6.696183372136927e-08
490,54,0.04187507096287477
490,55,0.0005573002614052297
490,56,0.0003571990531738884
490,57,0.0738765191948487
490,67,0.00669079713695111
490,69,0.7798143229884733
490,70,0.1503099521540039
490,73,0.012689456612956127
490,74,0.047020848515803154
490,76,2.090966782895449e-06
490,78,0.48649515592718723
490,79,0.9952507799426059
490,80,2.078071892719365e-17
490,81,0.0012274155391994257
490,120,0.9761715584353564
490,154,8.678936412732658e-06
490,155,0.0136621217521212
490,156,0.011012552234824079
490,157,3.814581522333184e-05
490,158,0.0020166566804036756
490,159,0.01717640290610369
490,160,0.018249937130062715
490,161,0.16347234254596738
490,162,0.660989800700864
490,163,0.08246388394040235
490,164,1.3674260285049322e-05
490,165,0.004799955140891801
490,166,0.004038684620313465
490,167,0.8741038716668679
490,169,9.540448693750456e-07
490,170,0.0057381348593692335
490,172,0.0005348808644712953
490,173,2.078071892719365e-17
490,174,2.078071892719365e-17
490,213,0.4336585977414204
490,214,0.3097383357621147
490,222,0.561498175032467
490,235,0.002798108252031927
490,237,0.08218887181008125
490,242,0.08775785759908054
490,243,0.0002161523305998188
490,244,4.475815381401871e-05
490,245,0.09799737737478462
490,246,0.17090196191472704
491,40,2.4493206064885013e-17
491,41,0.0002105382601906929
491,42,0.04701448976222686
491,43,0.00011658905590202542
491,47,0.6767142775732358
491,48,0.0004448184251892134
491,49,2.4493206064885013e-17
491,50,0.7517820178332195
491,52,0.000616020171698722
491,53,2.4493206064885013e-17
491,54,0.05639667595675281
491,55,0.0006451188645313164
491,56,0.0004364475628220384
491,57,0.07094599628294981
491,67,0.008979299445115755
491,69,0.7705206284696375
491,70,0.16425696074829327
491,73,0.01371501609728336
491,74,0.05812596372800402
491,76,2.48877223811372e-06
491,78,0.46124095439851115
491,79,0.9944410419357693
491,80,2.4493206064885013e-17
491,81,0.0015015654049720152
491,120,0.9718482831155405
491,154,1.1477393330262116e-05
491,155,0.01378816915354495
491,156,0.01103458256470347
491,157,3.351285774095027e-05
491,158,0.0029105800946565134
491,159,0.025293477961531762
491,160,0.02213739995668431
491,161,0.20875544766247128
491,162,0.664276155888628
491,163,0.09600940633163078
491,164,1.7783576451194998e-05
491,165,0.0057404276148897695
491,166,0.004653057113419182
491,167,0.8868910953804733
491,169,7.833893678331155e-07
491,170,0.008066525240935674
491,172,0.0006256581859106098
491,173,2.4493206064885013e-17
491,174,2.4493206064885013e-17
491,213,0.42858970956297177
491,214,0.30736124577899826
491,222,0.6245997964246153
491,235,0.003505299583432982
491,237,0.08792418494142065
491,242,0.10677278553145471
491,243,0.0002692200287051595
491,244,4.95122687383587e-05
491,245,0.11281295666374633
491,246,0.2083897023376639
492,40,2.5033184654256135e-17
492,41,0.0010369319739635023
492,42,0.059805280879255136
492,43,0.00012807272327785952
492,47,0.6752676833138865
492,48,0.0011283895234248122
492,49,2.5033184654256135e-17
492,50,0.7333194364051707
492,52,0.0015790623040779043
492,53,2.7837351815949067e-07
492,54,0.09802851834116233
492,55,0.0007139104500902703
492,56,0.0004258801568310026
492,57,0.07295552568046011
492,67,0.016649460286925356
492,69,0.7315222024077118
492,70,0.15099686865566206
492,73,0.027187743443334286
492,74,0.0663805903433033
492,76,7.188077585517975e-06
492,78,0.46643273773801847
492,79,0.9948864196765276
492,80,2.5033184654256135e-17
492,81,0.00221810500751765
492,120,0.9657304084154205
492,154,4.898872113486205e-05
492,155,0.019906774343036133
492,156,0.01717276237770679
492,157,0.00011319100078458229
492,158,0.01569953926909198
492,159,0.0304114055039557
492,160,0.03380055581547638
492,161,0.2712046362258747
492,162,0.66947201590704
492,163,0.11829486032690441
492,164,0.00040583589943225167
492,165,0.009487780443092557
492,166,0.007919300123542805
492,167,0.8759644043720539
492,169,7.673666220776635e-06
492,170,0.011914608059299866
492,172,0.0010426739188638908
492,173,2.5033184654256135e-17
492,174,2.5033184654256135e-17
492,213,0.44695645908830206
492,214,0.3159620543844224
492,222,0.6045093827165992
492,235,0.003949913231415744
492,237,0.07929355324869627
492,242,0.09967409118251018
492,243,0.0003782810144829631
492,244,8.715787992693734e-05
492,245,0.12527883200938406
492,246,0.17924441592307644
493,40,2.5573163243627254e-17
493,41,0.0018633256877363118
493,42,0.07259607199628342
493,43,0.0001395563906536936
493,47,0.6738210890545373
493,48,0.0018119606216604111
493,49,2.5573163243627254e-17
493,50,0.7148568549771218
493,52,0.002542104436457087
493,53,5.567470362944881e-07
493,54,0.13966036072557186
493,55,0.0007827020356492243
493,56,0.0004153127508399668
493,57,0.0749650550779704
493,67,0.024319621128734956
493,69,0.6925237763457862
493,70,0.13773677656303088
493,73,0.040660470789385214
493,74,0.0746352169586026
493,76,1.188738293292223e-05
493,78,0.4716245210775258
493,79,0.9953317974172858
493,80,2.5573163243627254e-17
493,81,0.0029346446100632848
493,120,0.9596125337153005
493,154,8.650004893946198e-05
493,155,0.026025379532527315
493,156,0.023310942190710112
493,157,0.00019286914382821428
493,158,0.02848849844352745
493,159,0.03552933304637963
493,160,0.045463711674268444
493,161,0.3336538247892781
493,162,0.6746678759254521
493,163,0.14058031432217805
493,164,0.0007938882224133083
493,165,0.013235133271295345
493,166,0.011185543133666428
493,167,0.8650377133636344
493,169,1.4563943073720153e-05
493,170,0.015762690877664055
493,172,0.001459689651817172
493,173,2.5573163243627254e-17
493,174,2.5573163243627254e-17
493,213,0.46532320861363236
493,214,0.32456286298984655
493,222,0.5844189690085831
493,235,0.004394526879398506
493,237,0.07066292155597188
493,242,0.09257539683356567
493,243,0.00048734200026076676
493,244,0.00012480349111551598
493,245,0.13774470735502178
493,246,0.15009912950848897
494,40,2.6113141832998376e-17
494,41,0.0026897194015091212
494,42,0.0853868631133117
494,43,0.0001510400580295277
494,47,0.6723744947951881
494,48,0.00249553171989601
494,49,2.6113141832998376e-17
494,50,0.696394273549073
494,52,0.0035051465688362695
494,53,8.351205544294856e-07
494,54,0.1812922031099814
494,55,0.0008514936212081781
494,56,0.000404745344848931
494,57,0.0769745844754807
494,67,0.031989781970544556
494,69,0.6535253502838605
494,70,0.12447668447039967
494,73,0.05413319813543614
494,74,0.08288984357390189
494,76,1.6586688280326484e-05
494,78,0.4768163044170331
494,79,0.9957771751580441
494,80,2.6113141832998376e-17
494,81,0.003651184212608919
494,120,0.9534946590151805
494,154,0.0001240113767440619
494,155,0.0321439847220185
494,156,0.02944912200371343
494,157,0.0002725472868718463
494,158,0.041277457617962914
494,159,0.04064726058880357
494,160,0.05712686753306051
494,161,0.3961030133526815
494,162,0.6798637359438641
494,163,0.16286576831745167
494,164,0.0011819405453943651
494,165,0.016982486099498133
494,166,0.01445178614379005
494,167,0.8541110223552151
494,169,2.1454219926663674e-05
494,170,0.019610773696028247
494,172,0.0018767053847704531
494,173,2.6113141832998376e-17
494,174,2.6113141832998376e-17
494,213,0.48368995813896265
494,214,0.33316367159527066
494,222,0.564328555300567
494,235,0.0048391405273812685
494,237,0.0620322898632475
494,242,0.08547670248462114
494,243,0.0005964029860385705
494,244,0.00016244910230409461
494,245,0.1502105827006595
494,246,0.12095384309390149
495,40,2.163829978714565e-07
495,41,0.0026117656066606708
495,42,0.0975586749826564
495,43,0.000455124458543333
495,47,0.6523798463916884
495,48,0.003301389103419861
495,49,1.1198742481505432e-05
495,50,0.6787674483026687
495,52,0.004864223628822925
495,53,7.615044245155187e-05
495,54,0.18658931742263923
495,55,0.00298646653748799
495,56,0.0007483167019198411
495,57,0.08016768788435026
495,67,0.0355455416935892
495,69,0.6418328520120008
495,70,0.12683966780177494
495,73,0.05788594214243049
495,74,0.08642340115564141
495,76,3.5854804679075264e-05
495,78,0.4739101127227515
495,79,0.99558800803581
495,80,2.163829978714565e-07
495,81,0.005760930712144915
495,120,0.9522651733873192
495,154,0.00013496410563339296
495,155,0.03843227162997464
495,156,0.03778875354173011
495,157,0.0008059467985204135
495,158,0.03915732432165206
495,159,0.056433839670889815
495,160,0.07233184220634595
495,161,0.39805894861688274
495,162,0.660586781553202
495,163,0.1704378537737038
495,164,0.0010100502488148036
495,165,0.0197315011902272
495,166,0.015600569826607492
495,167,0.8385239231650089
495,169,2.2726088285877932e-05
495,170,0.022554444931189743
495,172,0.002097894867386827
495,173,2.163829978714565e-07
495,174,2.163829978714565e-07
495,213,0.47058099424016986
495,214,0.3235489096142973
495,222,0.571428422525685
495,235,0.005295244236223807
495,237,0.06669413003492218
495,242,0.10426856475465943
495,243,0.0008300103827421736
495,244,0.0004759263590015556
495,245,0.15349305502922067
495,246,0.12944950269871852
496,40,4.3276599571679984e-07
496,41,0.0025338118118122203
496,42,0.10973048685200111
496,43,0.0007592088590571383
496,47,0.6323851979881887
496,48,0.004107246486943711
496,49,2.239748496298475e-05
496,50,0.6611406230562643
496,52,0.006223300688809582
496,53,0.00015146576434867424
496,54,0.19188643173529704
496,55,0.005121439453767801
496,56,0.0010918880589907511
496,57,0.08336079129321984
496,67,0.039101301416633844
496,69,0.6301403537401411
496,70,0.12920265113315021
496,73,0.06163868614942484
496,74,0.08995695873738095
496,76,5.512292107782404e-05
496,78,0.47100392102846994
496,79,0.9953988409135759
496,80,4.3276599571679984e-07
496,81,0.007870677211680912
496,120,0.9510356877594578
496,154,0.00014591683452272399
496,155,0.04472055853793077
496,156,0.04612838507974678
496,157,0.0013393463101689807
496,158,0.0370371910253412
496,159,0.07222041875297606
496,160,0.0875368168796314
496,161,0.40001488388108397
496,162,0.6413098271625401
496,163,0.17800993922995592
496,164,0.0008381599522352418
496,165,0.022480516280956268
496,166,0.016749353509424934
496,167,0.8229368239748027
496,169,2.3997956645092194e-05
496,170,0.02549811616635124
496,172,0.0023190843500032017
496,173,4.3276599571679984e-07
496,174,4.3276599571679984e-07
496,213,0.45747203034137707
496,214,0.31393414763332383
496,222,0.5785282897508031
496,235,0.005751347945066346
496,237,0.07135597020659687
496,242,0.12306042702469772
496,243,0.0010636177794457768
496,244,0.0007894036156990166
496,245,0.15677552735778183
496,246,0.13794516230353557
497,40,6.491489935621433e-07
497,41,0.00245585801696377
497,42,0.12190229872134581
497,43,0.0010632932595709436
497,47,0.6123905495846891
497,48,0.004913103870467563
497,49,3.3596227444464075e-05
497,50,0.64351379780986
497,52,0.007582377748796237
497,53,0.00022678108624579662
497,54,0.19718354604795485
497,55,0.0072564123700476135
497,56,0.0014354594160616613
497,57,0.0865538947020894
497,67,0.04265706113967849
497,69,0.6184478554682815
497,70,0.1315656344645255
497,73,0.06539143015641918
497,74,0.09349051631912048
497,76,7.439103747657283e-05
497,78,0.46809772933418836
497,79,0.9952096737913418
497,80,6.491489935621433e-07
497,81,0.009980423711216907
497,120,0.9498062021315965
497,154,0.00015686956341205504
497,155,0.05100884544588691
497,156,0.05446801661776346
497,157,0.001872745821817548
497,158,0.034917057729030344
497,159,0.0880069978350623
497,160,0.10274179155291684
497,161,0.4019708191452852
497,162,0.6220328727718781
497,163,0.18558202468620805
497,164,0.0006662696556556803
497,165,0.025229531371685335
497,166,0.017898137192242376
497,167,0.8073497247845965
497,169,2.5269825004306453e-05
497,170,0.028441787401512736
497,172,0.0025402738326195757
497,173,6.491489935621433e-07
497,174,6.491489935621433e-07
497,213,0.4443630664425843
497,214,0.3043193856523504
497,222,0.5856281569759211
497,235,0.006207451653908885
497,237,0.07601781037827154
497,242,0.141852289294736
497,243,0.00129722517614938
497,244,0.0011028808723964776
497,245,0.160057999686343
497,246,0.1464408219083526
498,40,8.655319914074866e-07
498,41,0.0023779042221153198
498,42,0.13407411059069052
498,43,0.001367377660084749
498,47,0.5923959011811895
498,48,0.005718961253991413
498,49,4.479496992594339e-05
498,50,0.6258869725634555
498,52,0.008941454808782893
498,53,0.000302096408142919
498,54,0.20248066036061269
498,55,0.009391385286327426
498,56,0.0017790307731325714
498,57,0.08974699811095897
498,67,0.046212820862723124
498,69,0.6067553571964218
498,70,0.13392861779590076
498,73,0.06914417416341354
498,74,0.09702407390086
498,76,9.36591538753216e-05
498,78,0.4651915376399067
498,79,0.9950205066691078
498,80,8.655319914074866e-07
498,81,0.012090170210752905
498,120,0.9485767165037352
498,154,0.0001678222923013861
498,155,0.05729713235384304
498,156,0.06280764815578013
498,157,0.002406145333466115
498,158,0.03279692443271949
498,159,0.10379357691714855
498,160,0.11794676622620229
498,161,0.40392675440948644
498,162,0.6027559183812161
498,163,0.1931541101424602
498,164,0.0004943793590761186
498,165,0.027978546462414405
498,166,0.019046920875059818
498,167,0.7917626255943904
498,169,2.654169336352071e-05
498,170,0.03138545863667423
498,172,0.0027614633152359498
498,173,8.655319914074866e-07
498,174,8.655319914074866e-07
498,213,0.4312541025437915
498,214,0.294704623671377
498,222,0.5927280242010391
498,235,0.0066635553627514225
498,237,0.08067965054994623
498,242,0.1606441515647743
498,243,0.0015308325728529831
498,244,0.0014163581290939386
498,245,0.16334047201490412
498,246,0.15493648151316963
499,40,1.08191498925283e-06
499,41,0.0022999504272668693
499,42,0.1462459224600352
499,43,0.0016714620605985542
499,47,0.5724012527776897
499,48,0.0065248186375152645
499,49,5.599371240742271e-05
499,50,0.6082601473170511
499,52,0.010300531868769548
499,53,0.0003774117300400414
499,54,0.20777777467327052
499,55,0.011526358202607237
499,56,0.0021226021302034816
499,57,0.09294010151982855
499,67,0.04976858058576777
499,69,0.5950628589245621
499,70,0.13629160112727604
499,73,0.07289691817040787
499,74,0.10055763148259954
499,76,0.00011292727027407039
499,78,0.46228534594562515
499,79,0.9948313395468736
499,80,1.08191498925283e-06
499,81,0.0141999167102889
499,120,0.9473472308758738
499,154,0.00017877502119071714
499,155,0.06358541926179917
499,156,0.0711472796937968
499,157,0.0029395448451146823
499,158,0.030676791136408636
499,159,0.1195801559992348
499,160,0.13315174089948772
499,161,0.4058826896736877
499,162,0.5834789639905542
499,163,0.20072619559871233
499,164,0.000322489062496557
499,165,0.03072756155314347
499,166,0.02019570455787726
499,167,0.7761755264041842
499,169,2.781356172273497e-05
499,170,0.03432912987183573
499,172,0.002982652797852324
499,173,1.08191498925283e-06
499,174,1.08191498925283e-06
499,213,0.4181451386449987
499,214,0.2850898616904036
499,222,0.5998278914261571
499,235,0.007119659071593961
499,237,0.08534149072162091
499,242,0.17943601383481259
499,243,0.0017644399695565863
499,244,0.0017298353857913996
499,245,0.16662294434346528
499,246,0.16343214111798665
500,40,1.2982979870981734e-06
500,41,0.002221996632418419
500,42,0.15841773432937992
500,43,0.0019755464611123596
500,47,0.5524066043741901
500,48,0.007330676021039114
500,49,6.719245488890203e-05
500,50,0.5906333220706468
500,52,0.011659608928756204
500,53,0.00045272705193716376
500,54,0.21307488898592833
500,55,0.01366133111888705
500,56,0.0024661734872743913
500,57,0.09613320492869812
500,67,0.05332434030881241
500,69,0.5833703606527024
500,70,0.1386545844586513
500,73,0.07664966217740223
500,74,0.10409118906433906
500,76,0.00013219538667281916
500,78,0.45937915425134357
500,79,0.9946421724246396
500,80,1.2982979870981734e-06
500,81,0.016309663209824896
500,120,0.9461177452480125
500,154,0.00018972775008004817
500,155,0.06987370616975531
500,156,0.07948691123181348
500,157,0.0034729443567632495
500,158,0.02855665784009778
500,159,0.13536673508132105
500,160,0.14835671557277316
500,161,0.4078386249378889
500,162,0.5642020095998922
500,163,0.20829828105496445
500,164,0.0001505987659169954
500,165,0.03347657664387254
500,166,0.021344488240694702
500,167,0.760588427213978
500,169,2.908543008194923e-05
500,170,0.037272801106997225
500,172,0.0032038422804686983
500,173,1.2982979870981734e-06
500,174,1.2982979870981734e-06
500,213,0.4050361747462059
500,214,0.2754750997094302
500,222,0.6069277586512751
500,235,0.0075757627804365
500,237,0.0900033308932956
500,242,0.19822787610485088
500,243,0.0019980473662601895
500,244,0.0020433126424888605
500,245,0.16990541667202644
500,246,0.1719278007228037
501,40,1.3672210602039405e-06
501,41,0.0026430566243557116
501,42,0.16400895086780357
501,43,0.0019119682139635038
501,47,0.5497590555479823
501,48,0.008285724362445887
501,49,9.792374774340623e-05
501,50,0.5849334200133964
501,52,0.014676939293184388
501,53,0.0005325672664384735
501,54,0.21504124060896815
501,55,0.01347195193448527
501,56,0.0035238211004807512
501,57,0.09592854249207464
501,67,0.053984799630702324
501,69,0.5840508830500913
501,70,0.13860247861898423
501,73,0.07217542942898901
501,74,0.10700051763388238
501,76,0.00031136843817380303
501,78,0.4618351476695267
501,79,0.9935961644727285
501,80,1.3672210602039405e-06
501,81,0.018934024618314286
501,120,0.949684771838528
501,154,0.000231757792135852
501,155,0.06847139459373867
501,156,0.08398327806099137
501,157,0.003669397630796051
501,158,0.03558617887083387
501,159,0.14672640299502462
501,160,0.15356444090340365
501,161,0.4149225319478018
501,162,0.5643997700463679
501,163,0.20657375816491602
501,164,0.00017160231828781646
501,165,0.03184684839240997
501,166,0.02440659950817314
501,167,0.7714600471843356
501,169,5.821455569638326e-05
501,170,0.039727303918144524
501,172,0.0032810235614863545
501,173,1.3672210602039405e-06
501,174,1.3672210602039405e-06
501,213,0.41805371057536134
501,214,0.27645758843832957
501,222,0.6087810823151524
501,235,0.009281229964400317
501,237,0.09610779578405693
501,242,0.19450218971923505
501,243,0.0022510718904178817
501,244,0.002894631030919817
501,245,0.1614617039444211
501,246,0.1717900436611778
502,40,1.4361441333097074e-06
502,41,0.0030641166162930045
502,42,0.16960016740622724
502,43,0.0018483899668146483
502,47,0.5471115067217744
502,48,0.00924077270385266
502,49,0.00012865504059791043
502,50,0.5792335179561462
502,52,0.017694269657612574
502,53,0.0006124074809397833
502,54,0.21700759223200797
502,55,0.01328257275008349
502,56,0.004581468713687111
502,57,0.09572388005545117
502,67,0.054645258952592236
502,69,0.5847314054474801
502,70,0.13855037277931714
502,73,0.0677011966805758
502,74,0.1099098462034257
502,76,0.0004905414896747869
502,78,0.46429114108770986
502,79,0.9925501565208172
502,80,1.4361441333097074e-06
502,81,0.021558386026803673
502,120,0.9532517984290434
502,154,0.00027378783419165586
502,155,0.06706908301772202
502,156,0.08847964489016928
502,157,0.003865850904828852
502,158,0.042615699901569964
502,159,0.1580860709087282
502,160,0.15877216623403417
502,161,0.4220064389577147
502,162,0.5645975304928434
502,163,0.20484923527486756
502,164,0.0001926058706586375
502,165,0.030217120140947407
502,166,0.02746871077565158
502,167,0.7823316671546932
502,169,8.734368131081729e-05
502,170,0.04218180672929182
502,172,0.0033582048425040106
502,173,1.4361441333097074e-06
502,174,1.4361441333097074e-06
502,213,0.4310712464045167
502,214,0.2774400771672289
502,222,0.6106344059790296
502,235,0.010986697148364132
502,237,0.10221226067481827
502,242,0.1907765033336192
502,243,0.002504096414575574
502,244,0.003745949419350773
502,245,0.15301799121681575
502,246,0.1716522865995519
503,40,1.5050672064154744e-06
503,41,0.0034851766082302973
503,42,0.1751913839446509
503,43,0.0017848117196657925
503,47,0.5444639578955667
503,48,0.010195821045259432
503,49,0.0001593863334524146
503,50,0.5735336158988958
503,52,0.020711600022040755
503,53,0.000692247695441093
503,54,0.21897394385504776
503,55,0.01309319356568171
503,56,0.005639116326893472
503,57,0.0955192176188277
503,67,0.05530571827448215
503,69,0.5854119278448691
503,70,0.13849826693965006
503,73,0.06322696393216258
503,74,0.11281917477296902
503,76,0.0006697145411757708
503,78,0.466747134505893
503,79,0.991504148568906
503,80,1.5050672064154744e-06
503,81,0.024182747435293063
503,120,0.9568188250195588
503,154,0.0003158178762474597
503,155,0.06566677144170538
503,156,0.09297601171934718
503,157,0.004062304178861654
503,158,0.049645220932306056
503,159,0.1694457388224318
503,160,0.16397989156466466
503,161,0.42909034596762763
503,162,0.564795290939319
503,163,0.2031247123848191
503,164,0.00021360942302945854
503,165,0.028587391889484837
503,166,0.03053082204313002
503,167,0.7932032871250507
503,169,0.00011647280692525133
503,170,0.04463630954043911
503,172,0.0034353861235216668
503,173,1.5050672064154744e-06
503,174,1.5050672064154744e-06
503,213,0.4440887822336721
503,214,0.2784225658961283
503,222,0.6124877296429069
503,235,0.012692164332327949
503,237,0.1083167255655796
503,242,0.18705081694800335
503,243,0.0027571209387332657
503,244,0.004597267807781729
503,245,0.14457427848921042
503,246,0.171514529537926
504,40,1.5739902795212415e-06
504,41,0.0039062366001675897
504,42,0.18078260048307454
504,43,0.0017212334725169368
504,47,0.5418164090693589
504,48,0.011150869386666207
504,49,0.0001901176263069188
504,50,0.5678337138416455
504,52,0.023728930386468942
504,53,0.0007720879099424028
504,54,0.22094029547808758
504,55,0.012903814381279927
504,56,0.006696763940099832
504,57,0.09531455518220422
504,67,0.055966177596372055
504,69,0.586092450242258
504,70,0.13844616109998295
504,73,0.058752731183749365
504,74,0.11572850334251232
504,76,0.0008488875926767547
504,78,0.4692031279240761
504,79,0.9904581406169949
504,80,1.5739902795212415e-06
504,81,0.02680710884378245
504,120,0.9603858516100744
504,154,0.0003578479183032635
504,155,0.06426445986568874
504,156,0.09747237854852507
504,157,0.004258757452894455
504,158,0.05667474196304215
504,159,0.18080540673613538
504,160,0.16918761689529516
504,161,0.43617425297754053
504,162,0.5649930513857947
504,163,0.20140018949477068
504,164,0.00023461297540027957
504,165,0.02695766363802227
504,166,0.03359293331060846
504,167,0.8040749070954082
504,169,0.00014560193253968537
504,170,0.04709081235158641
504,172,0.003512567404539323
504,173,1.5739902795212415e-06
504,174,1.5739902795212415e-06
504,213,0.45710631806282753
504,214,0.2794050546250277
504,222,0.6143410533067841
504,235,0.014397631516291764
504,237,0.11442119045634093
504,242,0.18332513056238753
504,243,0.003010145462890958
504,244,0.005448586196212686
504,245,0.13613056576160507
504,246,0.17137677247630012
505,40,1.6429133526270086e-06
505,41,0.004327296592104882
505,42,0.18637381702149822
505,43,0.001657655225368081
505,47,0.539168860243151
505,48,0.01210591772807298
505,49,0.000220848919161423
505,50,0.5621338117843953
505,52,0.026746260750897123
505,53,0.0008519281244437124
505,54,0.2229066471011274
505,55,0.012714435196878147
505,56,0.007754411553306192
505,57,0.09510989274558074
505,67,0.05662663691826197
505,69,0.5867729726396468
505,70,0.13839405526031587
505,73,0.05427849843533615
505,74,0.11863783191205564
505,76,0.0010280606441777384
505,78,0.47165912134225924
505,79,0.9894121326650838
505,80,1.6429133526270086e-06
505,81,0.02943147025227184
505,120,0.9639528782005898
505,154,0.0003998779603590673
505,155,0.0628621482896721
505,156,0.10196874537770298
505,157,0.004455210726927256
505,158,0.06370426299377824
505,159,0.19216507464983895
505,160,0.17439534222592568
505,161,0.44325815998745344
505,162,0.5651908118322704
505,163,0.19967566660472225
505,164,0.00025561652777110065
505,165,0.025327935386559704
505,166,0.036655044578086896
505,167,0.8149465270657658
505,169,0.0001747310581541194
505,170,0.04954531516273371
505,172,0.003589748685556979
505,173,1.6429133526270086e-06
505,174,1.6429133526270086e-06
505,213,0.47012385389198297
505,214,0.280387543353927
505,222,0.6161943769706614
505,235,0.01610309870025558
505,237,0.12052565534710227
505,242,0.1795994441767717
505,243,0.00326316998704865
505,244,0.006299904584643643
505,245,0.12768685303399974
505,246,0.1712390154146742
506,40,1.7118364257327756e-06
506,41,0.004748356584042175
506,42,0.19196503355992187
506,43,0.0015940769782192255
506,47,0.5365213114169433
506,48,0.013060966069479752
506,49,0.00025158021201592717
506,50,0.5564339097271449
506,52,0.02976359111532531
506,53,0.0009317683389450221
506,54,0.22487299872416722
506,55,0.012525056012476367
506,56,0.008812059166512553
506,57,0.09490523030895727
506,67,0.05728709624015188
506,69,0.5874534950370357
506,70,0.13834194942064879
506,73,0.049804265686922936
506,74,0.12154716048159896
506,76,0.0012072336956787224
506,78,0.4741151147604424
506,79,0.9883661247131725
506,80,1.7118364257327756e-06
506,81,0.03205583166076123
506,120,0.9675199047911053
506,154,0.00044190800241487117
506,155,0.06145983671365545
506,156,0.10646511220688087
506,157,0.004651664000960057
506,158,0.07073378402451433
506,159,0.20352474256354253
506,160,0.17960306755655617
506,161,0.45034206699736634
506,162,0.565388572278746
506,163,0.1979511437146738
506,164,0.0002766200801419217
506,165,0.023698207135097137
506,166,0.03971715584556534
506,167,0.8258181470361233
506,169,0.00020386018376855342
506,170,0.051999817973881
506,172,0.003666929966574635
506,173,1.7118364257327756e-06
506,174,1.7118364257327756e-06
506,213,0.48314138972113835
506,214,0.2813700320828264
506,222,0.6180477006345386
506,235,0.017808565884219398
506,237,0.1266301202378636
506,242,0.17587375779115585
506,243,0.0035161945112063423
506,244,0.007151222973074599
506,245,0.1192431403063944
506,246,0.17110125835304832
507,40,1.549420280525045e-06
507,41,0.005577054026316649
507,42,0.18638180412713448
507,43,0.0018871061979344648
507,47,0.5437118891095839
507,48,0.01273069301491528
507,49,0.00023280724981441435
507,50,0.5596669173345981
507,52,0.031905400757151835
507,53,0.0009008927150734535
507,54,0.21162861780815467
507,55,0.01430704779043672
507,56,0.00866423776599841
507,57,0.09151065313453104
507,67,0.0564103649365212
507,69,0.5812879801657334
507,70,0.1348985131830273
507,73,0.05014874222041375
507,74,0.10696822862701978
507,76,0.0036488561587677223
507,78,0.47532659443803627
507,79,0.9893903880930109
507,80,1.549420280525045e-06
507,81,0.038101263849954256
507,120,0.9677187952593285
507,154,0.0006835430031651245
507,155,0.0585953750717914
507,156,0.09593097383112631
507,157,0.004800250342185112
507,158,0.1001716384098667
507,159,0.19557245484722816
507,160,0.17716651408496603
507,161,0.451522379858748
507,162,0.5518136617585688
507,163,0.19836148365759274
507,164,0.0008726948943269801
507,165,0.026093961673041163
507,166,0.039811237655728374
507,167,0.8180131465461973
507,169,0.0010679151121287186
507,170,0.05503987049228749
507,172,0.003851561993259796
507,173,1.549420280525045e-06
507,174,1.549420280525045e-06
507,213,0.5256076407831012
507,214,0.269197809054738
507,222,0.6329999546938956
507,235,0.01772467196451531
507,237,0.12443118331460272
507,242,0.17901553878931784
507,243,0.005029301476748274
507,244,0.006588054509772848
507,245,0.1207879482368043
507,246,0.17546113253508228
508,40,1.3870041353173147e-06
508,41,0.006405751468591123
508,42,0.18079857469434707
508,43,0.002180135417649704
508,47,0.5509024668022244
508,48,0.012400419960350809
508,49,0.00021403428761290153
508,50,0.5628999249420511
508,52,0.034047210398978366
508,53,0.0008700170912018848
508,54,0.19838423689214216
508,55,0.016089039568397072
508,56,0.00851641636548427
508,57,0.0881160759601048
508,67,0.05553363363289051
508,69,0.575122465294431
508,70,0.13145507694540584
508,73,0.05049321875390457
508,74,0.0923892967724406
508,76,0.006090478621856722
508,78,0.47653807411563015
508,79,0.9904146514728494
508,80,1.3870041353173147e-06
508,81,0.04414669603914728
508,120,0.9679176857275517
508,154,0.0009251780039153779
508,155,0.05573091342992734
508,156,0.08539683545537173
508,157,0.004948836683410166
508,158,0.12960949279521908
508,159,0.1876201671309138
508,160,0.17472996061337592
508,161,0.45270269272012964
508,162,0.5382387512383917
508,163,0.19877182360051168
508,164,0.0014687697085120385
508,165,0.02848971621098519
508,166,0.0399053194658914
508,167,0.8102081460562713
508,169,0.0019319700404888838
508,170,0.058079923010693986
508,172,0.004036194019944956
508,173,1.3870041353173147e-06
508,174,1.3870041353173147e-06
508,213,0.568073891845064
508,214,0.25702558602664966
508,222,0.6479522087532527
508,235,0.017640778044811223
508,237,0.12223224639134184
508,242,0.18215731978747982
508,243,0.006542408442290205
508,244,0.006024886046471098
508,245,0.12233275616721422
508,246,0.17982100671711623
509,40,1.2245879901095842e-06
509,41,0.007234448910865596
509,42,0.17521534526155969
509,43,0.0024731646373649433
509,47,0.5580930444948651
509,48,0.012070146905786339
509,49,0.0001952613254113887
509,50,0.5661329325495041
509,52,0.03618902004080489
509,53,0.000839141467330316
509,54,0.18513985597612964
509,55,0.017871031346357424
509,56,0.008368594964970128
509,57,0.08472149878567858
509,67,0.05465690232925982
509,69,0.5689569504231287
509,70,0.12801164070778437
509,73,0.05083769528739539
509,74,0.07781036491786142
509,76,0.00853210108494572
509,78,0.47774955379322404
509,79,0.9914389148526876
509,80,1.2245879901095842e-06
509,81,0.05019212822834031
509,120,0.9681165761957748
509,154,0.0011668130046656312
509,155,0.05286645178806328
509,156,0.07486269707961717
509,157,0.0050974230246352194
509,158,0.15904734718057145
509,159,0.17966787941459944
509,160,0.17229340714178581
509,161,0.4538830055815113
509,162,0.5246638407182146
509,163,0.19918216354343066
509,164,0.0020648445226970967
509,165,0.030885470748929215
509,166,0.03999940127605443
509,167,0.8024031455663454
509,169,0.002796024968849049
509,170,0.06111997552910048
509,172,0.004220826046630117
509,173,1.2245879901095842e-06
509,174,1.2245879901095842e-06
509,213,0.6105401429070267
509,214,0.24485336299856125
509,222,0.6629044628126097
509,235,0.017556884125107135
509,237,0.12003330946808097
509,242,0.18529910078564177
509,243,0.008055515407832135
509,244,0.0054617175831693475
509,245,0.12387756409762413
509,246,0.1841808808991502
510,40,1.0621718449018539e-06
510,41,0.00806314635314007
510,42,0.1696321158287723
510,43,0.0027661938570801826
510,47,0.5652836221875057
510,48,0.011739873851221867
510,49,0.0001764883632098759
510,50,0.5693659401569573
510,52,0.038330829682631413
510,53,0.0008082658434587474
510,54,0.1718954750601171
510,55,0.01965302312431778
510,56,0.008220773564455986
510,57,0.08132692161125235
510,67,0.05378017102562914
510,69,0.5627914355518263
510,70,0.12456820447016291
510,73,0.0511821718208862
510,74,0.06323143306328224
510,76,0.010973723548034723
510,78,0.47896103347081787
510,79,0.992463178232526
510,80,1.0621718449018539e-06
510,81,0.05623756041753333
510,120,0.9683154666639981
510,154,0.0014084480054158846
510,155,0.05000199014619923
510,156,0.06432855870386259
510,157,0.005246009365860274
510,158,0.18848520156592383
510,159,0.17171559169828507
510,160,0.16985685367019568
510,161,0.45506331844289294
510,162,0.5110889301980375
510,163,0.1995925034863496
510,164,0.0026609193368821553
510,165,0.033281225286873245
510,166,0.04009348308621747
510,167,0.7945981450764193
510,169,0.003660079897209214
510,170,0.06416002804750696
510,172,0.004405458073315278
510,173,1.0621718449018539e-06
510,174,1.0621718449018539e-06
510,213,0.6530063939689895
510,214,0.23268113997047288
510,222,0.6778567168719667
510,235,0.017472990205403046
510,237,0.11783437254482008
510,242,0.18844088178380375
510,243,0.009568622373374067
510,244,0.004898549119867597
510,245,0.12542237202803405
510,246,0.18854075508118415
511,40,8.997556996941234e-07
511,41,0.008891843795414543
511,42,0.1640488863959849
511,43,0.003059223076795422
511,47,0.5724741998801463
511,48,0.011409600796657395
511,49,0.00015771540100836308
511,50,0.5725989477644104
511,52,0.04047263932445794
511,53,0.0007773902195871787
511,54,0.15865109414410455
511,55,0.021435014902278133
511,56,0.008072952163941846
511,57,0.07793234443682612
511,67,0.05290343972199846
511,69,0.556625920680524
511,70,0.12112476823254144
511,73,0.051526648354377015
511,74,0.048652501208703056
511,76,0.013415346011123722
511,78,0.48017251314841175
511,79,0.9934874416123645
511,80,8.997556996941234e-07
511,81,0.06228299260672636
511,120,0.9685143571322213
511,154,0.001650083006166138
511,155,0.04713752850433517
511,156,0.05379442032810802
511,157,0.005394595707085328
511,158,0.2179230559512762
511,159,0.1637633039819707
511,160,0.16742030019860554
511,161,0.4562436313042746
511,162,0.4975140196778603
511,163,0.20000284342926855
511,164,0.0032569941510672135
511,165,0.03567697982481727
511,166,0.04018756489638051
511,167,0.7867931445864933
511,169,0.004524134825569379
511,170,0.06720008056591345
511,172,0.004590090100000438
511,173,8.997556996941234e-07
511,174,8.997556996941234e-07
511,213,0.6954726450309523
511,214,0.2205089169423845
511,222,0.6928089709313237
511,235,0.01738909628569896
511,237,0.1156354356215592
511,242,0.19158266278196573
511,243,0.011081729338915998
511,244,0.004335380656565847
511,245,0.12696717995844395
511,246,0.1929006292632181
512,40,7.373395544863928e-07
512,41,0.009720541237689017
512,42,0.1584656569631975
512,43,0.003352252296510661
512,47,0.5796647775727869
512,48,0.011079327742092923
512,49,0.00013894243880685023
512,50,0.5758319553718635
512,52,0.04261444896628447
512,53,0.00074651459571561
512,54,0.14540671322809204
512,55,0.023217006680238485
512,56,0.007925130763427704
512,57,0.07453776726239988
512,67,0.05202670841836777
512,69,0.5504604058092216
512,70,0.11768133199491997
512,73,0.05187112488786783
512,74,0.03407356935412388
512,76,0.01585696847421272
512,78,0.48138399282600564
512,79,0.9945117049922029
512,80,7.373395544863928e-07
512,81,0.06832842479591938
512,120,0.9687132476004445
512,154,0.0018917180069163914
512,155,0.044273066862471115
512,156,0.04326028195235345
512,157,0.005543182048310382
512,158,0.24736091033662858
512,159,0.15581101626565635
512,160,0.16498374672701543
512,161,0.45742394416565624
512,162,0.4839391091576832
512,163,0.2004131833721875
512,164,0.003853068965252272
512,165,0.0380727343627613
512,166,0.040281646706543536
512,167,0.7789881440965674
512,169,0.0053881897539295445
512,170,0.07024013308431995
512,172,0.004774722126685599
512,173,7.373395544863928e-07
512,174,7.373395544863928e-07
512,213,0.7379388960929151
512,214,0.2083366939142961
512,222,0.7077612249906807
512,235,0.017305202365994872
512,237,0.11343649869829832
512,242,0.1947244437801277
512,243,0.012594836304457931
512,244,0.003772212193264096
512,245,0.12851198788885387
512,246,0.19726050344525206
513,40,6.144496287638966e-07
513,41,0.012589467657080227
513,42,0.16113624465763177
513,43,0.0031932844263987533
513,47,0.5728432005318235
513,48,0.011586865456834617
513,49,0.00012421674355758168
513,50,0.5693024631655247
513,52,0.04414260475156991
513,53,0.0007953037505388943
513,54,0.13800533405006488
513,55,0.022528332582807294
513,56,0.007742259040114274
513,57,0.07726688186765382
513,67,0.053183020055446915
513,69,0.5414305368196543
513,70,0.118029010480339
513,73,0.051313091664934744
513,74,0.04064308713437949
513,76,0.01573290542546447
513,78,0.4895267864672992
513,79,0.9930170866559082
513,80,6.144496287638966e-07
513,81,0.07574532204006298
513,120,0.9703097768067106
513,154,0.0019947843694225814
513,155,0.04186493780059812
513,156,0.04529631168682586
513,157,0.006038804225768494
513,158,0.23959824964053902
513,159,0.15000414699156278
513,160,0.15506274276918938
513,161,0.4564828118256292
513,162,0.5002844509613451
513,163,0.19753006795600853
513,164,0.004004093961643129
513,165,0.04323569971633511
513,166,0.04343260323569285
513,167,0.7734862154954953
513,169,0.0052688910385180095
513,170,0.065279382001481
513,172,0.007265656686316599
513,173,6.144496287638966e-07
513,174,6.144496287638966e-07
513,213,0.7396998467231275
513,214,0.21879045374647307
513,222,0.7172197618953811
513,235,0.017365415235977018
513,237,0.12002179975205073
513,242,0.1928451117259438
513,243,0.012349652465850767
513,244,0.003941560429057157
513,245,0.1292481514478116
513,246,0.19671360233255858
514,40,4.915597030414003e-07
514,41,0.015458394076471437
514,42,0.16380683235206603
514,43,0.003034316556286845
514,47,0.5660216234908599
514,48,0.012094403171576312
514,49,0.00010949104830831315
514,50,0.5627729709591859
514,52,0.045670760536855357
514,53,0.0008440929053621786
514,54,0.13060395487203771
514,55,0.021839658485376102
514,56,0.007559387316800844
514,57,0.07999599647290774
514,67,0.054339331692526055
514,69,0.5324006678300869
514,70,0.11837668896575802
514,73,0.05075505844200165
514,74,0.0472126049146351
514,76,0.01560884237671622
514,78,0.49766958010859275
514,79,0.9915224683196134
514,80,4.915597030414003e-07
514,81,0.0831622192842066
514,120,0.9719063060129768
514,154,0.002097850731928771
514,155,0.03945680873872513
514,156,0.04733234142129827
514,157,0.006534426403226606
514,158,0.2318355889444495
514,159,0.1441972777174692
514,160,0.1451417388113633
514,161,0.45554167948560215
514,162,0.5166297927650071
514,163,0.19464695253982953
514,164,0.0041551189580339865
514,165,0.048398665069908926
514,166,0.04658355976484216
514,167,0.7679842868944232
514,169,0.0051495923231064744
514,170,0.060318630918642056
514,172,0.009756591245947598
514,173,4.915597030414003e-07
514,174,4.915597030414003e-07
514,213,0.7414607973533398
514,214,0.22924421357865002
514,222,0.7266782988000814
514,235,0.017425628105959167
514,237,0.12660710080580312
514,242,0.19096577967175984
514,243,0.012104468627243603
514,244,0.004110908664850217
514,245,0.1299843150067693
514,246,0.19616670121986507
515,40,3.686697773189041e-07
515,41,0.018327320495862647
515,42,0.1664774200465003
515,43,0.002875348686174937
515,47,0.5592000464498965
515,48,0.012601940886318008
515,49,9.476535305904461e-05
515,50,0.5562434787528471
515,52,0.04719891632214081
515,53,0.000892882060185463
515,54,0.12320257569401055
515,55,0.02115098438794491
515,56,0.007376515593487414
515,57,0.08272511107816166
515,67,0.0554956433296052
515,69,0.5233707988405194
515,70,0.11872436745117704
515,73,0.05019702521906856
515,74,0.05378212269489071
515,76,0.01548477932796797
515,78,0.5058123737498863
515,79,0.9900278499833186
515,80,3.686697773189041e-07
515,81,0.09057911652835021
515,120,0.9735028352192429
515,154,0.002200917094434961
515,155,0.03704867967685214
515,156,0.049368371155770675
515,157,0.007030048580684718
515,158,0.22407292824835995
515,159,0.13839040844337566
515,160,0.13522073485353725
515,161,0.4546005471455751
515,162,0.5329751345686691
515,163,0.19176383712365055
515,164,0.004306143954424844
515,165,0.05356163042348275
515,166,0.049734516293991476
515,167,0.7624823582933511
515,169,0.005030293607694939
515,170,0.05535787983580311
515,172,0.012247525805578599
515,173,3.686697773189041e-07
515,174,3.686697773189041e-07
515,213,0.7432217479835522
515,214,0.239697973410827
515,222,0.7361368357047817
515,235,0.017485840975941313
515,237,0.13319240185955553
515,242,0.18908644761757593
515,243,0.011859284788636439
515,244,0.004280256900643278
515,245,0.13072047856572702
515,246,0.1956198001071716
516,40,2.4577985159640787e-07
516,41,0.021196246915253857
516,42,0.16914800774093455
516,43,0.0027163808160630292
516,47,0.5523784694089331
516,48,0.013109478601059701
516,49,8.003965780977606e-05
516,50,0.5497139865465083
516,52,0.04872707210742625
516,53,0.0009416712150087472
516,54,0.11580119651598339
516,55,0.020462310290513715
516,56,0.0071936438701739845
516,57,0.0854542256834156
516,67,0.05665195496668435
516,69,0.514340929850952
516,70,0.11907204593659607
516,73,0.04963899199613547
516,74,0.06035164047514632
516,76,0.01536071627921972
516,78,0.5139551673911799
516,79,0.9885332316470239
516,80,2.4577985159640787e-07
516,81,0.09799601377249381
516,120,0.9750993644255089
516,154,0.0023039834569411506
516,155,0.03464055061497914
516,156,0.051404400890243084
516,157,0.00752567075814283
516,158,0.2163102675522704
516,159,0.1325835391692821
516,160,0.1252997308957112
516,161,0.45365941480554806
516,162,0.549320476372331
516,163,0.18888072170747158
516,164,0.004457168950815701
516,165,0.05872459577705656
516,166,0.05288547282314079
516,167,0.7569804296922791
516,169,0.004910994892283405
516,170,0.05039712875296416
516,172,0.014738460365209597
516,173,2.4577985159640787e-07
516,174,2.4577985159640787e-07
516,213,0.7449826986137646
516,214,0.25015173324300394
516,222,0.745595372609482
516,235,0.01754605384592346
516,237,0.13977770291330793
516,242,0.187207115563392
516,243,0.011614100950029273
516,244,0.004449605136436339
516,245,0.13145664212468475
516,246,0.1950728989944781
517,40,1.2288992587391164e-07
517,41,0.024065173334645067
517,42,0.17181859543536881
517,43,0.0025574129459511215
517,47,0.5455568923679696
517,48,0.013617016315801395
517,49,6.531396256050753e-05
517,50,0.5431844943401695
517,52,0.050255227892711696
517,53,0.0009904603698320316
517,54,0.10839981733795623
517,55,0.019773636193082523
517,56,0.007010772146860555
517,57,0.08818334028866953
517,67,0.05780826660376349
517,69,0.5053110608613847
517,70,0.1194197244220151
517,73,0.04908095877320238
517,74,0.06692115825540193
517,76,0.015236653230471471
517,78,0.5220979610324734
517,79,0.9870386133107292
517,80,1.2288992587391164e-07
517,81,0.10541291101663741
517,120,0.9766958936317751
517,154,0.0024070498194473404
517,155,0.032232421553106155
517,156,0.05344043062471549
517,157,0.008021292935600942
517,158,0.20854760685618087
517,159,0.12677666989518852
517,160,0.11537872693788513
517,161,0.45271828246552104
517,162,0.5656658181759929
517,163,0.18599760629129258
517,164,0.004608193947206558
517,165,0.06388756113063038
517,166,0.0560364293522901
517,167,0.7514785010912071
517,169,0.00479169617687187
517,170,0.04543637767012522
517,172,0.0172293949248406
517,173,1.2288992587391164e-07
517,174,1.2288992587391164e-07
517,213,0.746743649243977
517,214,0.26060549307518094
517,222,0.7550539095141824
517,235,0.017606266715905608
517,237,0.14636300396706034
517,242,0.18532778350920806
517,243,0.011368917111422109
517,244,0.0046189533722293995
517,245,0.13219280568364244
517,246,0.1945259978817846
518,40,1.5141534693467755e-16
518,41,0.026934099754036277
518,42,0.17448918312980308
518,43,0.0023984450758392133
518,47,0.5387353153270061
518,48,0.01412455403054309
518,49,5.058826731123899e-05
518,50,0.5366550021338307
518,52,0.05178338367799714
518,53,0.0010392495246553158
518,54,0.10099843815992907
518,55,0.01908496209565133
518,56,0.006827900423547125
518,57,0.09091245489392345
518,67,0.058964578240842634
518,69,0.4962811918718173
518,70,0.11976740290743412
518,73,0.04852292555026929
518,74,0.07349067603565754
518,76,0.01511259018172322
518,78,0.530240754673767
518,79,0.9855439949744345
518,80,1.5141534693467755e-16
518,81,0.11282980826078103
518,120,0.9782924228380412
518,154,0.00251011618195353
518,155,0.02982429249123316
518,156,0.0554764603591879
518,157,0.008516915113059053
518,158,0.20078494616009132
518,159,0.12096980062109496
518,160,0.10545772298005907
518,161,0.45177715012549396
518,162,0.5820111599796549
518,163,0.1831144908751136
518,164,0.0047592189435974154
518,165,0.06905052648420419
518,166,0.05918738588143941
518,167,0.7459765724901349
518,169,0.004672397461460335
518,170,0.040475626587286276
518,172,0.019720329484471597
518,173,1.5141534693467755e-16
518,174,1.5141534693467755e-16
518,213,0.7485045998741894
518,214,0.2710592529073579
518,222,0.7645124464188827
518,235,0.017666479585887754
518,237,0.15294830502081275
518,242,0.18344845145502414
518,243,0.011123733272814944
518,244,0.0047883016080224605
518,245,0.13292896924260017
518,246,0.1939790967690911
519,40,2.501010660183844e-16
519,41,0.031228179054954522
519,42,0.1675346907814742
519,43,0.0038715182085683588
519,47,0.5192771623626145
519,48,0.016963828590243188
519,49,0.0001466840397426732
519,50,0.5368902762594445
519,52,0.04840345570109831
519,53,0.0011510323596952423
519,54,0.10430791926473446
519,55,0.02155150067836351
519,56,0.009283859967685706
519,57,0.10923366262343304
519,67,0.0580363734973212
519,69,0.5186536140840243
519,70,0.12771722891077292
519,73,0.053394312909541136
519,74,0.07990361783627013
519,76,0.01842408813324775
519,78,0.5490171509568508
519,79,0.9867921922358884
519,80,2.501010660183844e-16
519,81,0.1092909120067744
519,120,0.9778655236893355
519,154,0.0032451072522720146
519,155,0.02877275253050223
519,156,0.05708936569115658
519,157,0.00856428573774491
519,158,0.17424811730058914
519,159,0.13090983432383765
519,160,0.1124006422441512
519,161,0.4404796953092557
519,162,0.5966648790028137
519,163,0.18750494708399862
519,164,0.006384713144193017
519,165,0.06209848156003223
519,166,0.05644067478695552
519,167,0.7621975327397053
519,169,0.007010140870209445
519,170,0.043803476401830854
519,172,0.019449255792935376
519,173,2.501010660183844e-16
519,174,2.501010660183844e-16
519,213,0.7321692749606565
519,214,0.28755300633694336
519,222,0.767171110844518
519,235,0.01586540027715879
519,237,0.13189703968647248
519,242,0.18091129689527563
519,243,0.012756836257178446
519,244,0.004779772094932883
519,245,0.11836169616062955
519,246,0.18046075400896708
520,40,3.4878678510209125e-16
520,41,0.03552225835587276
520,42,0.1605801984331453
520,43,0.005344591341297504
520,47,0.4998190093982227
520,48,0.01980310314994329
520,49,0.0002427798121741074
520,50,0.5371255503850584
520,52,0.04502352772419948
520,53,0.0012628151947351688
520,54,0.10761740036953986
520,55,0.024018039261075687
520,56,0.011739819511824288
520,57,0.12755487035294263
520,67,0.057108168753799766
520,69,0.5410260362962314
520,70,0.13566705491411168
520,73,0.05826570026881298
520,74,0.08631655963688273
520,76,0.02173558608477228
520,78,0.5677935472399346
520,79,0.9880403894973425
520,80,3.4878678510209125e-16
520,81,0.1057520157527678
520,120,0.9774386245406299
520,154,0.003980098322590499
520,155,0.027721212569771305
520,156,0.058702271023125266
520,157,0.008611656362430766
520,158,0.147711288441087
520,159,0.14084986802658037
520,160,0.11934356150824332
520,161,0.4291822404930174
520,162,0.6113185980259727
520,163,0.19189540329288365
520,164,0.00801020734478862
520,165,0.055146436635860274
520,166,0.053693963692471626
520,167,0.7784184929892757
520,169,0.009347884278958555
520,170,0.047131326216375426
520,172,0.01917818210139915
520,173,3.4878678510209125e-16
520,174,3.4878678510209125e-16
520,213,0.7158339500471237
520,214,0.3040467597665288
520,222,0.7698297752701532
520,235,0.014064320968429824
520,237,0.11084577435213225
520,242,0.17837414233552712
520,243,0.014389939241541945
520,244,0.0047712425818433055
520,245,0.10379442307865892
520,246,0.16694241124884304
