month_id,country_id,sc_cm_sb_acled_violence_calibrated
489,40,1.0689544944450395e-06
489,41,0.14021050167238705
489,42,0.486748572002514
489,43,0.03981779461751463
489,47,0.23094386677030967
489,48,0.04400017075639873
489,49,1.0689544944450395e-06
489,50,0.3637113063889966
489,52,0.13130523516138837
489,53,0.010602965438867955
489,54,0.09535130254440777
489,55,0.05681268791179305
489,56,1.0689544944450395e-06
489,57,0.040895850384659344
489,67,0.12930054684268724
489,69,0.2845175237187144
489,70,0.36737267591613726
489,73,0.12828818078888057
489,74,0.03787202779705049
489,76,0.008093714523235748
489,78,0.16130522443570686
489,79,0.5703996353231783
489,80,1.0689544944450395e-06
489,81,0.01686704922430669
489,120,0.5031441725128305
489,154,0.055372833010124925
489,155,0.1988457675475252
489,156,0.16413376422259818
489,157,0.09600505431258313
489,158,0.04168950608562933
489,159,1.0689544944450395e-06
489,160,0.007118399808473709
489,161,0.02979520471662659
489,162,0.46109868463650316
489,163,0.019873411089457803
489,164,0.010602965438867955
489,165,0.09336645352028465
489,166,0.044250821802201606
489,167,0.3654596607611022
489,169,0.00603143072397822
489,170,1.0689544944450395e-06
489,172,0.013430381183903798
489,173,1.0689544944450395e-06
489,174,1.0689544944450395e-06
489,213,0.44025153525315336
489,214,0.38244546057718815
489,222,0.013430381183903798
489,235,0.39065777720539135
489,237,0.11080297565950221
489,242,0.09639547100944906
489,243,0.01686704922430669
489,244,0.042211862300953994
489,245,0.4660047052897644
489,246,0.18118554981293938
490,40,5.67081750086444e-07
490,41,0.22599280397519556
490,42,0.4935275120553584
490,43,0.022430897978504297
490,47,0.27801613944832376
490,48,0.028392971577909105
490,49,0.0012621220336548112
490,50,0.4620396360570681
490,52,0.1090770738695202
490,53,0.008458391074163359
490,54,0.055220648600868
490,55,0.0454167210644323
490,56,0.0022957769369190547
490,57,0.02508631536307031
490,67,0.09880531649471659
490,69,0.3381095589341243
490,70,0.2780973051796481
490,73,0.07182760128416771
490,74,0.038560556555431766
490,76,0.006105478729150377
490,78,0.1838265145965801
490,79,0.6222632667320003
490,80,5.67081750086444e-07
490,81,0.011385319937368124
490,120,0.5257244615027454
490,154,0.04219509436153651
490,155,0.17937298932598214
490,156,0.12131739627408841
490,157,0.07748601842047391
490,158,0.05317065347727748
490,159,5.67081750086444e-07
490,160,0.004139212859142526
490,161,0.022020169380325236
490,162,0.43616009551744805
490,163,0.014745433461823719
490,164,0.007111436427423461
490,165,0.09590733174877653
490,166,0.056971340701463834
490,167,0.4239264535055417
490,169,0.004277302918396699
490,170,0.0005805474321528938
490,172,0.010150147977459636
490,173,5.67081750086444e-07
490,174,5.67081750086444e-07
490,213,0.4793517355732074
490,214,0.4522657710903797
490,222,0.010150147977459636
490,235,0.35969514309604694
490,237,0.07609735608396276
490,242,0.07383020427366602
490,243,0.011173985898161216
490,244,0.03907004272398534
490,245,0.26941262851946635
490,246,0.18610243588798114
491,40,6.520900572784833e-08
491,41,0.31177510627800403
491,42,0.5003064521082028
491,43,0.005044001339493958
491,47,0.3250884121263379
491,48,0.012785772399419483
491,49,0.0025231751128151777
491,50,0.5603679657251396
491,52,0.08684891257765202
491,53,0.006313816709458761
491,54,0.015089994657328232
491,55,0.03402075421707154
491,56,0.004590484919343664
491,57,0.00927678034148128
491,67,0.06831008614674594
491,69,0.39170159414953426
491,70,0.18882193444315892
491,73,0.01536702177945485
491,74,0.03924908531381305
491,76,0.0041172429350650065
491,78,0.20634780475745332
491,79,0.6741268981408222
491,80,6.520900572784833e-08
491,81,0.005903590650429557
491,120,0.5483047504926604
491,154,0.02901735571294809
491,155,0.15990021110443908
491,156,0.07850102832557866
491,157,0.05896698252836469
491,158,0.06465180086892564
491,159,6.520900572784833e-08
491,160,0.0011600259098113424
491,161,0.014245134044023885
491,162,0.4112215063983929
491,163,0.009617455834189634
491,164,0.003619907415978967
491,165,0.0984482099772684
491,166,0.06969185960072606
491,167,0.48239324624998114
491,169,0.0025231751128151777
491,170,0.0011600259098113424
491,172,0.006869914771015472
491,173,6.520900572784833e-08
491,174,6.520900572784833e-08
491,213,0.5184519358932616
491,214,0.5220860816035712
491,222,0.006869914771015472
491,235,0.32873250898670253
491,237,0.0413917365084233
491,242,0.051264937537882964
491,243,0.005480922572015741
491,244,0.0359282231470167
491,245,0.0728205517491683
491,246,0.19101932196302288
492,40,5.5988396922772687e-08
492,41,0.27807825802899405
492,42,0.5014150612957703
492,43,0.010736136099012882
492,47,0.28530411214463397
492,48,0.04198337594894931
492,49,0.0016821292576032227
492,50,0.5285306805446701
492,52,0.06792065491511787
492,53,0.013689226406697043
492,54,0.012884269847982525
492,55,0.03258262342609667
492,56,0.00432934211136435
492,57,0.04647393921149405
492,67,0.08710919092470398
492,69,0.37638893623345965
492,70,0.16287498290892677
492,73,0.03155099237027065
492,74,0.03458737106552376
492,76,0.0038788954589495236
492,78,0.19653906978401706
492,79,0.6579737080985033
492,80,5.5988396922772687e-08
492,81,0.008443974720497136
492,120,0.589260417415556
492,154,0.02882491907568993
492,155,0.28364233076053436
492,156,0.0853990555783995
492,157,0.052843923852664176
492,158,0.05294347262307362
492,159,5.5988396922772687e-08
492,160,0.0022975474817427807
492,161,0.01509886518367022
492,162,0.3973242300141585
492,163,0.013650012194405169
492,164,0.003812064405319314
492,165,0.15902492095879572
492,166,0.06168618031488446
492,167,0.46562847457589907
492,169,0.0019885342468669263
492,170,0.002984522524382495
492,172,0.006984646538928356
492,173,5.5988396922772687e-08
492,174,5.5988396922772687e-08
492,213,0.5113376829616664
492,214,0.5513930804646339
492,222,0.006984646538928356
492,235,0.3712111140771394
492,237,0.045525534608696114
492,242,0.047814229537241515
492,243,0.0067660031668697095
492,244,0.04534525890273467
492,245,0.15664859619124544
492,246,0.23099140180884406
493,40,4.676778811769704e-08
493,41,0.24438140977998407
493,42,0.5025236704833377
493,43,0.016428270858531806
493,47,0.24551981216293006
493,48,0.07118097949847914
493,49,0.0008410834023912677
493,50,0.4966933953642007
493,52,0.048992397252583704
493,53,0.021064636103935327
493,54,0.010678545038636817
493,55,0.031144492635121795
493,56,0.004068199303385036
493,57,0.08367109808150683
493,67,0.10590829570266203
493,69,0.36107627831738504
493,70,0.1369280313746946
493,73,0.047734962961086445
493,74,0.029925656817234476
493,76,0.003640547982834041
493,78,0.18673033481058077
493,79,0.6418205180561846
493,80,4.676778811769704e-08
493,81,0.010984358790564716
493,120,0.6302160843384516
493,154,0.028632482438431767
493,155,0.40738445041662963
493,156,0.09229708283122033
493,157,0.04672086517696365
493,158,0.0412351443772216
493,159,4.676778811769704e-08
493,160,0.0034350690536742194
493,161,0.015952596323316554
493,162,0.3834269536299242
493,163,0.017682568554620706
493,164,0.004004221394659661
493,165,0.21960163194032303
493,166,0.05368050102904286
493,167,0.448863702901817
493,169,0.001453893380918675
493,170,0.004809019138953648
493,172,0.007099378306841238
493,173,4.676778811769704e-08
493,174,4.676778811769704e-08
493,213,0.5042234300300712
493,214,0.5807000793256967
493,222,0.007099378306841238
493,235,0.4136897191675763
493,237,0.04965933270896892
493,242,0.04436352153660006
493,243,0.008051083761723678
493,244,0.05476229465845264
493,245,0.24047664063332255
493,246,0.2709634816546653
494,40,3.7547179312621384e-08
494,41,0.21068456153097406
494,42,0.5036322796709052
494,43,0.02212040561805073
494,47,0.20573551218122613
494,48,0.10037858304800897
494,49,3.7547179312621384e-08
494,50,0.46485611018373124
494,52,0.030064139590049537
494,53,0.028440045801173607
494,54,0.00847282022929111
494,55,0.02970636184414692
494,56,0.0038070564954057213
494,57,0.12086825695151959
494,67,0.12470740048062005
494,69,0.3457636204013104
494,70,0.11098107984046243
494,73,0.06391893355190224
494,74,0.025263942568945187
494,76,0.0034022005067185584
494,78,0.1769215998371445
494,79,0.6256673280138657
494,80,3.7547179312621384e-08
494,81,0.013524742860632296
494,120,0.6711717512613472
494,154,0.028440045801173607
494,155,0.5311265700727249
494,156,0.09919511008404117
494,157,0.040597806501263135
494,158,0.029526816131369583
494,159,3.7547179312621384e-08
494,160,0.004572590625605658
494,161,0.016806327462962886
494,162,0.3695296772456898
494,163,0.02171512491483624
494,164,0.004196378384000009
494,165,0.28017834292185034
494,166,0.04567482174320125
494,167,0.4320989312277349
494,169,0.0009192525149704236
494,170,0.006633515753524801
494,172,0.0072141100747541214
494,173,3.7547179312621384e-08
494,174,3.7547179312621384e-08
494,213,0.497109177098476
494,214,0.6100070781867594
494,222,0.0072141100747541214
494,235,0.4561683242580132
494,237,0.05379313080924173
494,242,0.04091281353595861
494,243,0.009336164356577645
494,244,0.06417933041417061
494,245,0.32430468507539967
494,246,0.31093556150048646
495,40,4.3264191747441276e-08
495,41,0.24680311302100919
495,42,0.5208788233306433
495,43,0.03752853938311033
495,47,0.2791922002974974
495,48,0.11064226723494645
495,49,4.3264191747441276e-08
495,50,0.4921168885956538
495,52,0.03612006399696828
495,53,0.02199788102763304
495,54,0.013998176935422268
495,55,0.03757063686253257
495,56,0.0029074727225714514
495,57,0.11430767225313608
495,67,0.14117360632821654
495,69,0.33140050144649336
495,70,0.12318253080232032
495,73,0.06661321170825465
495,74,0.02994660611890752
495,76,0.005640427309297417
495,78,0.1962603566683797
495,79,0.6366170071449246
495,80,4.3264191747441276e-08
495,81,0.013803153954291224
495,120,0.6834805337723387
495,154,0.031257666973731744
495,155,0.3929102998033569
495,156,0.11473194712200972
495,157,0.05279680052086696
495,158,0.04218049556168644
495,159,4.3264191747441276e-08
495,160,0.004218907716292604
495,161,0.02099291112292332
495,162,0.38829496645087286
495,163,0.01999593276020332
495,164,0.0037952944870424084
495,165,0.23988519305835304
495,166,0.052320998402122794
495,167,0.4160270890027666
495,169,0.011687440415610375
495,170,0.00620451679643575
495,172,0.008290151542009579
495,173,4.3264191747441276e-08
495,174,4.3264191747441276e-08
495,213,0.5326070946218553
495,214,0.5623424299451525
495,222,0.008290151542009579
495,235,0.3822911393844866
495,237,0.05260244751685101
495,242,0.0620983670620726
495,243,0.012436896463106993
495,244,0.05285154468548344
495,245,0.3350345092464988
495,246,0.26886677621058985
496,40,4.898120418226116e-08
496,41,0.2829216645110443
496,42,0.5381253669903815
496,43,0.052936673148169924
496,47,0.35264888841376874
496,48,0.12090595142188396
496,49,4.898120418226116e-08
496,50,0.5193776670075763
496,52,0.042175988403887026
496,53,0.015555716254092468
496,54,0.01952353364155343
496,55,0.04543491188091822
496,56,0.0020078889497371815
496,57,0.10774708755475258
496,67,0.15763981217581302
496,69,0.3170373824916763
496,70,0.1353839817641782
496,73,0.06930748986460705
496,74,0.03462926966886985
496,76,0.007878654111876274
496,78,0.21559911349961494
496,79,0.6475666862759837
496,80,4.898120418226116e-08
496,81,0.014081565047950153
496,120,0.6957893162833303
496,154,0.03407528814628988
496,155,0.25469402953398895
496,156,0.13026878415997828
496,157,0.06499579454047077
496,158,0.0548341749920033
496,159,4.898120418226116e-08
496,160,0.00386522480697955
496,161,0.025179494782883755
496,162,0.40706025565605586
496,163,0.018276740605570403
496,164,0.0033942105900848078
496,165,0.19959204319485574
496,166,0.05896717506104433
496,167,0.3999552467777982
496,169,0.022455628316250326
496,170,0.0057755178393467
496,172,0.009366193009265037
496,173,4.898120418226116e-08
496,174,4.898120418226116e-08
496,213,0.5681050121452346
496,214,0.5146777817035457
496,222,0.009366193009265037
496,235,0.3084139545109601
496,237,0.051411764224460296
496,242,0.0832839205881866
496,243,0.015537628569636341
496,244,0.041523758956796275
496,245,0.3457643334175979
496,246,0.2267979909206932
497,40,5.469821661708105e-08
497,41,0.3190402160010794
497,42,0.5553719106501196
497,43,0.06834480691322951
497,47,0.42610557653004005
497,48,0.13116963560882144
497,49,5.469821661708105e-08
497,50,0.5466384454194988
497,52,0.04823191281080577
497,53,0.0091135514805519
497,54,0.02504889034768459
497,55,0.05329918689930387
497,56,0.001108305176902912
497,57,0.10118650285636907
497,67,0.17410601802340953
497,69,0.3026742635368592
497,70,0.14758543272603608
497,73,0.07200176802095946
497,74,0.03931193321883219
497,76,0.010116880914455133
497,78,0.23493787033085015
497,79,0.6585163654070426
497,80,5.469821661708105e-08
497,81,0.014359976141609082
497,120,0.7080980987943218
497,154,0.03689290931884802
497,155,0.11647775926462099
497,156,0.14580562119794685
497,157,0.0771947885600746
497,158,0.06748785442232015
497,159,5.469821661708105e-08
497,160,0.0035115418976664962
497,161,0.029366078442844192
497,162,0.4258255448612389
497,163,0.016557548450937484
497,164,0.0029931266931272076
497,165,0.15929889333135847
497,166,0.06561335171996588
497,167,0.3838834045528299
497,169,0.03322381621689028
497,170,0.005346518882257649
497,172,0.010442234476520495
497,173,5.469821661708105e-08
497,174,5.469821661708105e-08
497,213,0.6036029296686138
497,214,0.46701313346193885
497,222,0.010442234476520495
497,235,0.2345367696374335
497,237,0.050221080932069576
497,242,0.10446947411430059
497,243,0.01863836067616569
497,244,0.030195973228109116
497,245,0.356494157588697
497,246,0.18472920563079656
498,40,1.6294914939086314e-07
498,41,0.258455368043111
498,42,0.5300131165747294
498,43,0.055332099987124204
498,47,0.42343749914919293
498,48,0.1345143145239839
498,49,0.0007246451536691633
498,50,0.5432186797565545
498,52,0.06654114206391304
498,53,0.008516166563037652
498,54,0.04123918323044014
498,55,0.09360865466767347
498,56,0.006630773812530396
498,57,0.1422919993549529
498,67,0.19393084991631965
498,69,0.3337476041971995
498,70,0.1345106033316804
498,73,0.0656785901804124
498,74,0.062291206837965345
498,76,0.013928108922318475
498,78,0.23971374072079518
498,79,0.619305487274964
498,80,1.6294914939086314e-07
498,81,0.030414849781199477
498,120,0.693030309816538
498,154,0.03748962371133065
498,155,0.14537491655618492
498,156,0.16355630351382006
498,157,0.08087398588451135
498,158,0.05250227173198789
498,159,1.6294914939086314e-07
498,160,0.004320158382078254
498,161,0.026760907274577847
498,162,0.3977076143107076
498,163,0.022684855395397687
498,164,0.002720026483609557
498,165,0.1782695351145711
498,166,0.06914686446591133
498,167,0.3706329078866205
498,169,0.02500261698568916
498,170,0.0042889546096965174
498,172,0.03497052997925354
498,173,1.6294914939086314e-07
498,174,1.6294914939086314e-07
498,213,0.5563076437335042
498,214,0.4730852866461213
498,222,0.03497052997925354
498,235,0.21026824024666166
498,237,0.055075505151864025
498,242,0.1006541668945384
498,243,0.021734309168893254
498,244,0.04637986099309087
498,245,0.3797231783809975
498,246,0.24440819499667876
499,40,2.7120008216464523e-07
499,41,0.19787052008514255
499,42,0.5046543224993391
499,43,0.042319393061018895
499,47,0.42076942176834586
499,48,0.1378589934391464
499,49,0.0014492356091217096
499,50,0.53979891409361
499,52,0.0848503713170203
499,53,0.007918781645523404
499,54,0.05742947611319568
499,55,0.13391812243604306
499,56,0.01215324244815788
499,57,0.18339749585353676
499,67,0.21375568180922974
499,69,0.3648209448575398
499,70,0.12143577393732473
499,73,0.05935541233986535
499,74,0.08527048045709851
499,76,0.01773933693018182
499,78,0.24448961111074025
499,79,0.5800946091428854
499,80,2.7120008216464523e-07
499,81,0.04646972342078987
499,120,0.6779625208387542
499,154,0.03808633810381327
499,155,0.17427207384774884
499,156,0.18130698582969323
499,157,0.08455318320894811
499,158,0.03751668904165563
499,159,2.7120008216464523e-07
499,160,0.005128774866490012
499,161,0.024155736106311505
499,162,0.36958968376017626
499,163,0.028812162339857887
499,164,0.0024469262740919066
499,165,0.19724017689778375
499,166,0.07268037721185679
499,167,0.3573824112204111
499,169,0.01678141775448804
499,170,0.0032313903371353867
499,172,0.05949882548198658
499,173,2.7120008216464523e-07
499,174,2.7120008216464523e-07
499,213,0.5090123577983946
499,214,0.47915743983030384
499,222,0.05949882548198658
499,235,0.18599971085588984
499,237,0.05992992937165847
499,242,0.09683885967477623
499,243,0.02483025766162082
499,244,0.06256374875807262
499,245,0.40295219917329805
499,246,0.304087184362561
500,40,3.7945101493842727e-07
500,41,0.13728567212717416
500,42,0.47929552842394885
500,43,0.029306686134913586
500,47,0.41810134438749874
500,48,0.14120367235430886
500,49,0.002173826064574256
500,50,0.5363791484306657
500,52,0.10315960057012757
500,53,0.0073213967280091555
500,54,0.07361976899595124
500,55,0.17422759020441267
500,56,0.017675711083785364
500,57,0.2245029923521206
500,67,0.23358051370213986
500,69,0.3958942855178801
500,70,0.10836094454296905
500,73,0.05303223449931829
500,74,0.10824975407623165
500,76,0.02155056493804516
500,78,0.24926548150068528
500,79,0.5408837310108068
500,80,3.7945101493842727e-07
500,81,0.06252459706038027
500,120,0.6628947318609704
500,154,0.038683052496295896
500,155,0.20316923113931276
500,156,0.19905766814556644
500,157,0.08823238053338486
500,158,0.022531106351323365
500,159,3.7945101493842727e-07
500,160,0.00593739135090177
500,161,0.02155056493804516
500,162,0.34147175320964496
500,163,0.03493946928431809
500,164,0.002173826064574256
500,165,0.2162108186809964
500,166,0.07621388995780223
500,167,0.3441319145542017
500,169,0.008560218523286924
500,170,0.002173826064574256
500,172,0.08402712098471964
500,173,3.7945101493842727e-07
500,174,3.7945101493842727e-07
500,213,0.461717071863285
500,214,0.4852295930144863
500,222,0.08402712098471964
500,235,0.161731181465118
500,237,0.06478435359145292
500,242,0.09302355245501405
500,243,0.027926206154348383
500,244,0.07874763652305437
500,245,0.42618121996559855
500,246,0.36376617372844317
501,40,3.1695793599879375e-07
501,41,0.1692198808766045
501,42,0.4902859360966122
501,43,0.024780132266609953
501,47,0.4785641800243429
501,48,0.13502872330193424
501,49,0.0018115224692354301
501,50,0.5269409176100771
501,52,0.1194966445114515
501,53,0.006810868071471351
501,54,0.07378566170048925
501,55,0.14736259028209048
501,56,0.017159400444502385
501,57,0.18797459489148927
501,67,0.23677244788969137
501,69,0.3922140785293716
501,70,0.09442134658908653
501,73,0.0508599640598211
501,74,0.09994763484577092
501,76,0.019019245742816125
501,78,0.21400425864624845
501,79,0.4973947089961463
501,80,3.1695793599879375e-07
501,81,0.06630163857327234
501,120,0.6706798074257876
501,154,0.038745083014937474
501,155,0.2135004535543174
501,156,0.18578500402830053
501,157,0.07883771765846809
501,158,0.02269502974144475
501,159,3.1695793599879375e-07
501,160,0.005218628032881249
501,161,0.020246608261503936
501,162,0.3511012831181232
501,163,0.03298460438623636
501,164,0.0024843116203947147
501,165,0.22042645180534678
501,166,0.07042333736392623
501,167,0.35915998064120835
501,169,0.007260195148785184
501,170,0.0027002896518673243
501,172,0.07651592751077635
501,173,3.1695793599879375e-07
501,174,3.1695793599879375e-07
501,213,0.4898284112169277
501,214,0.5042625129712769
501,222,0.07651592751077635
501,235,0.1860394143544392
501,237,0.060742849431494265
501,242,0.08181463198813022
501,243,0.025813644614985122
501,244,0.08644713845203703
501,245,0.423440167672719
501,246,0.3947554798914544
502,40,2.5446485705916023e-07
502,41,0.20115408962603487
502,42,0.5012763437692755
502,43,0.020253578398306316
502,47,0.5390270156611872
502,48,0.12885377424955963
502,49,0.0014492188738966043
502,50,0.5175026867894885
502,52,0.13583368845277544
502,53,0.006300339414933547
502,54,0.07395155440502728
502,55,0.12049759035976826
502,56,0.0166430898052194
502,57,0.15144619743085797
502,67,0.23996438207724285
502,69,0.3885338715408631
502,70,0.08048174863520402
502,73,0.048687693620323914
502,74,0.09164551561531019
502,76,0.016487926547587087
502,78,0.1787430357918116
502,79,0.45390568698148587
502,80,2.5446485705916023e-07
502,81,0.07007868008616441
502,120,0.6784648829906049
502,154,0.03880711353357905
502,155,0.22383167596932205
502,156,0.17251233991103462
502,157,0.06944305478355131
502,158,0.022858953131566138
502,159,2.5446485705916023e-07
502,160,0.004499864714860729
502,161,0.018942651584962708
502,162,0.36073081302660154
502,163,0.031029739488154632
502,164,0.002794797176215174
502,165,0.22464208492969717
502,166,0.06463278477005022
502,167,0.374188046728215
502,169,0.005960171774283446
502,170,0.0032267532391603926
502,172,0.06900473403683306
502,173,2.5446485705916023e-07
502,174,2.5446485705916023e-07
502,213,0.5179397505705705
502,214,0.5232954329280676
502,222,0.06900473403683306
502,235,0.21034764724376034
502,237,0.05670134527153561
502,242,0.07060571152124637
502,243,0.023701083075621857
502,244,0.09414664038101966
502,245,0.42069911537983945
502,246,0.4257447860544656
503,40,1.9197177811952676e-07
503,41,0.2330882983754652
503,42,0.5122667514419388
503,43,0.01572702453000268
503,47,0.5994898512980313
503,48,0.12267882519718501
503,49,0.0010869152785577783
503,50,0.5080644559688999
503,52,0.15217073239409937
503,53,0.005789810758395743
503,54,0.0741174471095653
503,55,0.09363259043744607
503,56,0.01612677916593642
503,57,0.11491779997022664
503,67,0.24315631626479434
503,69,0.38485366455235465
503,70,0.06654215068132151
503,73,0.04651542318082673
503,74,0.08334339638484946
503,76,0.013956607352358052
503,78,0.14348181293737475
503,79,0.4104166649668254
503,80,1.9197177811952676e-07
503,81,0.07385572159905648
503,120,0.6862499585554223
503,154,0.03886914405222063
503,155,0.2341628983843267
503,156,0.15923967579376871
503,157,0.06004839190863454
503,158,0.023022876521687524
503,159,1.9197177811952676e-07
503,160,0.0037811013968402085
503,161,0.017638694908421484
503,162,0.3703603429350798
503,163,0.0290748745900729
503,164,0.0031052827320356326
503,165,0.22885771805404753
503,166,0.0588422321761742
503,167,0.3892161128152216
503,169,0.004660148399781707
503,170,0.003753216826453461
503,172,0.061493540562889776
503,173,1.9197177811952676e-07
503,174,1.9197177811952676e-07
503,213,0.5460510899242133
503,214,0.5423283528848581
503,222,0.061493540562889776
503,235,0.23465588013308153
503,237,0.052659841111576955
503,242,0.059396791054362526
503,243,0.021588521536258596
503,244,0.10184614231000232
503,245,0.41795806308695993
503,246,0.45673409221747674
504,40,1.2947869917989324e-07
504,41,0.26502250712489556
504,42,0.5232571591146021
504,43,0.011200470661699047
504,47,0.6599526869348755
504,48,0.11650387614481038
504,49,0.0007246116832189526
504,50,0.4986262251483114
504,52,0.1685077763354233
504,53,0.0052792821018579385
504,54,0.07428333981410332
504,55,0.06676759051512386
504,56,0.01561046852665344
504,57,0.07838940250959531
504,67,0.24634825045234585
504,69,0.3811734575638462
504,70,0.052602552727438995
504,73,0.044343152741329536
504,74,0.07504127715438873
504,76,0.011425288157129015
504,78,0.10822059008293791
504,79,0.36692764295216496
504,80,1.2947869917989324e-07
504,81,0.07763276311194856
504,120,0.6940350341202395
504,154,0.03893117457086221
504,155,0.24449412079933136
504,156,0.1459670116765028
504,157,0.050653729033717766
504,158,0.02318679991180891
504,159,1.2947869917989324e-07
504,160,0.003062338078819688
504,161,0.01633473823188026
504,162,0.37998987284355806
504,163,0.027120009691991173
504,164,0.003415768287856092
504,165,0.23307335117839792
504,166,0.053051679582298186
504,167,0.4042441789022283
504,169,0.0033601250252799676
504,170,0.004279680413746529
504,172,0.05398234708894649
504,173,1.2947869917989324e-07
504,174,1.2947869917989324e-07
504,213,0.574162429277856
504,214,0.5613612728416487
504,222,0.05398234708894649
504,235,0.2589641130224027
504,237,0.048618336951618296
504,242,0.048187870587478684
504,243,0.01947595999689533
504,244,0.10954564423898497
504,245,0.4152170107940804
504,246,0.48772339838048795
505,40,6.698562024025972e-08
505,41,0.2969567158743259
505,42,0.5342475667872655
505,43,0.006673916793395414
505,47,0.7204155225717197
505,48,0.11032892709243576
505,49,0.0003623080878801268
505,50,0.4891879943277228
505,52,0.18484482027674723
505,53,0.004768753445320134
505,54,0.07444923251864133
505,55,0.03990259059280166
505,56,0.015094157887370459
505,57,0.04186100504896398
505,67,0.24954018463989736
505,69,0.37749325057533767
505,70,0.03866295477355648
505,73,0.042170882301832344
505,74,0.066739157923928
505,76,0.008893968961899978
505,78,0.07295936722850108
505,79,0.3234386209375045
505,80,6.698562024025972e-08
505,81,0.08140980462484063
505,120,0.7018201096850567
505,154,0.03899320508950379
505,155,0.25482534321433603
505,156,0.1326943475592369
505,157,0.04125906615880099
505,158,0.023350723301930297
505,159,6.698562024025972e-08
505,160,0.0023435747607991678
505,161,0.015030781555339033
505,162,0.3896194027520364
505,163,0.025165144793909442
505,164,0.0037262538436765506
505,165,0.2372889843027483
505,166,0.04726112698842218
505,167,0.41927224498923493
505,169,0.002060101650778228
505,170,0.004806144001039597
505,172,0.0464711536150032
505,173,6.698562024025972e-08
505,174,6.698562024025972e-08
505,213,0.6022737686314987
505,214,0.5803941927984394
505,222,0.0464711536150032
505,235,0.2832723459117239
505,237,0.044576832791659644
505,242,0.03697895012059484
505,243,0.01736339845753207
505,244,0.1172451461679676
505,245,0.41247595850120083
505,246,0.5187127045434992
506,40,4.492541300626194e-09
506,41,0.32889092462375624
506,42,0.5452379744599288
506,43,0.0021473629250917765
506,47,0.7808783582085639
506,48,0.10415397804006114
506,49,4.492541300626194e-09
506,50,0.4797497635071342
506,52,0.20118186421807116
506,53,0.00425822478878233
506,54,0.07461512522317935
506,55,0.013037590670479476
506,56,0.014577847248087477
506,57,0.005332607588332666
506,67,0.25273211882744884
506,69,0.3738130435868292
506,70,0.024723356819673966
506,73,0.03999861186233516
506,74,0.058437038693467266
506,76,0.006362649766670944
506,78,0.03769814437406424
506,79,0.279949598922844
506,80,4.492541300626194e-09
506,81,0.0851868461377327
506,120,0.709605185249874
506,154,0.03905523560814537
506,155,0.26515656562934065
506,156,0.11942168344197099
506,157,0.03186440328388422
506,158,0.023514646692051683
506,159,4.492541300626194e-09
506,160,0.0016248114427786474
506,161,0.013726824878797807
506,162,0.39924893266051464
506,163,0.02321027989582771
506,164,0.004036739399497009
506,165,0.2415046174270987
506,166,0.04147057439454617
506,167,0.43430031107624156
506,169,0.0007600782762764892
506,170,0.005332607588332666
506,172,0.038959960141059916
506,173,4.492541300626194e-09
506,174,4.492541300626194e-09
506,213,0.6303851079851415
506,214,0.59942711275523
506,222,0.038959960141059916
506,235,0.30758057880104506
506,237,0.04053532863170099
506,242,0.025770029653711005
506,243,0.015250836918168809
506,244,0.12494464809695026
506,245,0.4097349062083213
506,246,0.5497020107065104
507,40,3.920244621637908e-09
507,41,0.30798935413892103
507,42,0.5484959298893695
507,43,0.0019342862605733814
507,47,0.76261219035556
507,48,0.09733530060672316
507,49,3.920244621637908e-09
507,50,0.4870883952599573
507,52,0.17589521626951435
507,53,0.003964458876326719
507,54,0.06591512718880499
507,55,0.017776102350046584
507,56,0.012148206216533102
507,57,0.0087426575162503
507,67,0.2424477652500604
507,69,0.36112786289048776
507,70,0.048377520516652145
507,73,0.07054139895401865
507,74,0.051903748246236114
507,76,0.0069825916822687985
507,78,0.07595831298715008
507,79,0.2562558434121424
507,80,3.920244621637908e-09
507,81,0.0862346797849755
507,120,0.7121595391357873
507,154,0.0373348387484048
507,155,0.24487434389638027
507,156,0.12974971883490696
507,157,0.03462021453155485
507,158,0.024086927881632234
507,159,3.920244621637908e-09
507,160,0.0015622102777335355
507,161,0.013022310842521676
507,162,0.4000308463837557
507,163,0.021892467315085512
507,164,0.0040568485229895545
507,165,0.2482646601358825
507,166,0.043076945671542875
507,167,0.4580354150181009
507,169,0.006486272187006859
507,170,0.00477273988432
507,172,0.03343854068225813
507,173,3.920244621637908e-09
507,174,3.920244621637908e-09
507,213,0.6415714220217961
507,214,0.6009005104647209
507,222,0.03343854068225813
507,235,0.32224466940614177
507,237,0.04119180288235999
507,242,0.032808407837284614
507,243,0.016575731571691496
507,244,0.10939276560915402
507,245,0.4388975706176354
507,246,0.4935958358301764
508,40,3.3479479426496226e-09
508,41,0.2870877836540858
508,42,0.5517538853188102
508,43,0.0017212095960549862
508,47,0.7443460225025563
508,48,0.09051662317338517
508,49,3.3479479426496226e-09
508,50,0.49442702701278035
508,52,0.15060856832095754
508,53,0.0036706929638711085
508,54,0.05721512915443064
508,55,0.022514614029613696
508,56,0.009718565184978727
508,57,0.012152707444167934
508,67,0.23216341167267196
508,69,0.34844268219414626
508,70,0.07203168421363032
508,73,0.10108418604570213
508,74,0.04537045779900496
508,76,0.007602533597866653
508,78,0.11421848160023594
508,79,0.2325620879014408
508,80,3.3479479426496226e-09
508,81,0.0872825134322183
508,120,0.7147138930217005
508,154,0.03561444188866423
508,155,0.22459212216341987
508,156,0.14007775422784297
508,157,0.03737602577922549
508,158,0.024659209071212784
508,159,3.3479479426496226e-09
508,160,0.0014996091126884235
508,161,0.012317796806245545
508,162,0.40081276010699673
508,163,0.02057465473434331
508,164,0.004076957646482099
508,165,0.2550247028446663
508,166,0.04468331694853959
508,167,0.4817705189599603
508,169,0.012212466097737228
508,170,0.0042128721803073345
508,172,0.027917121223456333
508,173,3.3479479426496226e-09
508,174,3.3479479426496226e-09
508,213,0.6527577360584506
508,214,0.6023739081742118
508,222,0.027917121223456333
508,235,0.33690876001123854
508,237,0.04184827713301898
508,242,0.03984678602085823
508,243,0.01790062622521418
508,244,0.09384088312135778
508,245,0.4680602350269495
508,246,0.43748966095384245
509,40,2.775651263661337e-09
509,41,0.2661862131692506
509,42,0.5550118407482509
509,43,0.001508132931536591
509,47,0.7260798546495526
509,48,0.08369794574004719
509,49,2.775651263661337e-09
509,50,0.5017656587656034
509,52,0.12532192037240072
509,53,0.0033769270514154978
509,54,0.04851513112005628
509,55,0.027253125709180804
509,56,0.007288924153424352
509,57,0.015562757372085567
509,67,0.22187905809528352
509,69,0.3357575014978048
509,70,0.0956858479106085
509,73,0.1316269731373856
509,74,0.03883716735177381
509,76,0.008222475513464507
509,78,0.1524786502133218
509,79,0.2088683323907392
509,80,2.775651263661337e-09
509,81,0.08833034707946111
509,120,0.7172682469076138
509,154,0.03389404502892365
509,155,0.2043099004304595
509,156,0.15040578962077894
509,157,0.04013183702689613
509,158,0.025231490260793334
509,159,2.775651263661337e-09
509,160,0.0014370079476433116
509,161,0.011613282769969414
509,162,0.4015946738302377
509,163,0.01925684215360111
509,164,0.004097066769974643
509,165,0.26178474555345005
509,166,0.046289688225536293
509,167,0.5055056229018197
509,169,0.017938660008467597
509,170,0.0036530044762946683
509,172,0.02239570176465454
509,173,2.775651263661337e-09
509,174,2.775651263661337e-09
509,213,0.663944050095105
509,214,0.6038473058837026
509,222,0.02239570176465454
509,235,0.35157285061633525
509,237,0.04250475138367797
509,242,0.04688516420443184
509,243,0.019225520878736867
509,244,0.07828900063356155
509,245,0.4972228994362636
509,246,0.3813834860775085
510,40,2.203354584673051e-09
510,41,0.24528464268441547
510,42,0.5582697961776916
510,43,0.001295056267018196
510,47,0.7078136867965488
510,48,0.0768792683067092
510,49,2.203354584673051e-09
510,50,0.5091042905184265
510,52,0.10003527242384391
510,53,0.003083161138959887
510,54,0.03981513308568192
510,55,0.03199163738874791
510,56,0.004859283121869977
510,57,0.0189728073000032
510,67,0.2115947045178951
510,69,0.32307232080146336
510,70,0.11934001160758667
510,73,0.1621697602290691
510,74,0.03230387690454266
510,76,0.00884241742906236
510,78,0.19073881882640764
510,79,0.18517457688003763
510,80,2.203354584673051e-09
510,81,0.0893781807267039
510,120,0.7198226007935271
510,154,0.03217364816918308
510,155,0.1840276786974991
510,156,0.16073382501371491
510,157,0.04288764827456676
510,158,0.025803771450373884
510,159,2.203354584673051e-09
510,160,0.0013744067825981995
510,161,0.01090876873369328
510,162,0.40237658755347877
510,163,0.01793902957285891
510,164,0.004117175893467188
510,165,0.2685447882622338
510,166,0.047896059502533
510,167,0.5292407268436791
510,169,0.023664853919197967
510,170,0.003093136772282002
510,172,0.01687428230585275
510,173,2.203354584673051e-09
510,174,2.203354584673051e-09
510,213,0.6751303641317596
510,214,0.6053207035931936
510,222,0.01687428230585275
510,235,0.36623694122143197
510,237,0.04316122563433697
510,242,0.053923542388005445
510,243,0.020550415532259555
510,244,0.06273711814576531
510,245,0.5263855638455777
510,246,0.32527731120117453
511,40,1.631057905684765e-09
511,41,0.22438307219958026
511,42,0.5615277516071322
511,43,0.0010819796024998008
511,47,0.6895475189435449
511,48,0.07006059087337121
511,49,1.631057905684765e-09
511,50,0.5164429222712495
511,52,0.0747486244752871
511,53,0.0027893952265042763
511,54,0.031115135051307564
511,55,0.036730149068315024
511,56,0.0024296420903156014
511,57,0.022382857227920834
511,67,0.20131035094050667
511,69,0.31038714010512186
511,70,0.14299417530456485
511,73,0.1927125473207526
511,74,0.025770586457311506
511,76,0.009462359344660215
511,78,0.22899898743949348
511,79,0.16148082136933606
511,80,1.631057905684765e-09
511,81,0.0904260143739467
511,120,0.7223769546794403
511,154,0.030453251309442514
511,155,0.1637454569645387
511,156,0.1710618604066509
511,157,0.04564345952223739
511,158,0.026376052639954434
511,159,1.631057905684765e-09
511,160,0.0013118056175530875
511,161,0.01020425469741715
511,162,0.4031585012767198
511,163,0.01662121699211671
511,164,0.004137285016959733
511,165,0.27530483097101766
511,166,0.04950243077952971
511,167,0.5529758307855384
511,169,0.029391047829928338
511,170,0.002533269068269336
511,172,0.011352862847050959
511,173,1.631057905684765e-09
511,174,1.631057905684765e-09
511,213,0.6863166781684142
511,214,0.6067941013026845
511,222,0.011352862847050959
511,235,0.38090103182652874
511,237,0.04381769988499597
511,242,0.06096192057157905
511,243,0.02187531018578224
511,244,0.047185235657969074
511,245,0.5555482282548918
511,246,0.2691711363248405
512,40,1.0587612266964793e-09
512,41,0.20348150171474505
512,42,0.5647857070365729
512,43,0.0008689029379814055
512,47,0.6712813510905412
512,48,0.06324191344003323
512,49,1.0587612266964793e-09
512,50,0.5237815540240727
512,52,0.0494619765267303
512,53,0.002495629314048665
512,54,0.022415137016933203
512,55,0.04146866074788213
512,56,1.0587612266964793e-09
512,57,0.025792907155838467
512,67,0.19102599736311823
512,69,0.2977019594087804
512,70,0.16664833900154302
512,73,0.22325533441243609
512,74,0.019237296010080358
512,76,0.010082301260258069
512,78,0.2672591560525793
512,79,0.13778706585863446
512,80,1.0587612266964793e-09
512,81,0.0914738480211895
512,120,0.7249313085653536
512,154,0.028732854449701944
512,155,0.14346323523157833
512,156,0.1813898957995869
512,157,0.04839927076990803
512,158,0.026948333829534984
512,159,1.0587612266964793e-09
512,160,0.0012492044525079756
512,161,0.009499740661141018
512,162,0.40394041499996086
512,163,0.015303404411374509
512,164,0.004157394140452277
512,165,0.28206487367980143
512,166,0.05110880205652642
512,167,0.5767109347273978
512,169,0.03511724174065871
512,170,0.00197340136425667
512,172,0.00583144338824917
512,173,1.0587612266964793e-09
512,174,1.0587612266964793e-09
512,213,0.6975029922050687
512,214,0.6082674990121754
512,222,0.00583144338824917
512,235,0.39556512243162545
512,237,0.04447417413565496
512,242,0.06800029875515266
512,243,0.023200204839304926
512,244,0.03163335317017284
512,245,0.5847108926642058
512,246,0.21306496144850656
513,40,1.7823249308087092e-09
513,41,0.19630886954993282
513,42,0.5571293370549413
513,43,0.0010324967998239015
513,47,0.6689718102934626
513,48,0.06852302323508816
513,49,0.002610133878341517
513,50,0.5466230521331661
513,52,0.050481341599582744
513,53,0.004879674551881213
513,54,0.024589977204230857
513,55,0.043418834743480086
513,56,0.00025653822205208945
513,57,0.02291754342037785
513,67,0.19297704181450515
513,69,0.29249195773701536
513,70,0.16263624904274843
513,73,0.20287608423791834
513,74,0.02529410783570779
513,76,0.009122811296917756
513,78,0.26563811081280964
513,79,0.15069445732566508
513,80,1.7823249308087092e-09
513,81,0.11624868100681751
513,120,0.7259761412693969
513,154,0.029255513797146575
513,155,0.13982854919232143
513,156,0.18291055705574608
513,157,0.05229352736279179
513,158,0.02792975431835663
513,159,1.7823249308087092e-09
513,160,0.0013494147285960433
513,161,0.009661317143043068
513,162,0.39441469058303297
513,163,0.015202317830111906
513,164,0.004887949240889356
513,165,0.2697584633236453
513,166,0.0558502065379518
513,167,0.5442669359457561
513,169,0.029622847516817326
513,170,0.0017892526032640584
513,172,0.007936272131343444
513,173,1.7823249308087092e-09
513,174,1.7823249308087092e-09
513,213,0.696912061281222
513,214,0.6128148924162686
513,222,0.007936272131343444
513,235,0.37748637760683207
513,237,0.045970894035382334
513,242,0.0653618870709024
513,243,0.02082967249005631
513,244,0.05081044278423224
513,245,0.593599869519975
513,246,0.210816459025
514,40,2.5058886349209395e-09
514,41,0.18913623738512056
514,42,0.5494729670733096
514,43,0.0011960906616663974
514,47,0.666662269496384
514,48,0.07380413303014309
514,49,0.0052202666979218075
514,50,0.5694645502422595
514,52,0.051500706672435184
514,53,0.0072637197897137615
514,54,0.02676481739152851
514,55,0.04536900873907805
514,56,0.0005130753853429522
514,57,0.020042179684917227
514,67,0.1949280862658921
514,69,0.28728195606525037
514,70,0.15862415908395386
514,73,0.1824968340634006
514,74,0.03135091966133522
514,76,0.008163321333577443
514,78,0.26401706557303994
514,79,0.16360184879269574
514,80,2.5058886349209395e-09
514,81,0.1410235139924455
514,120,0.7270209739734402
514,154,0.029778173144591205
514,155,0.13619386315306453
514,156,0.1844312183119053
514,157,0.05618778395567555
514,158,0.028911174807178277
514,159,2.5058886349209395e-09
514,160,0.001449625004684111
514,161,0.009822893624945117
514,162,0.38488896616610513
514,163,0.015101231248849304
514,164,0.005618504341326435
514,165,0.2574520529674891
514,166,0.06059161101937718
514,167,0.5118229371641145
514,169,0.024128453292975943
514,170,0.001605103842271447
514,172,0.010041100874437721
514,173,2.5058886349209395e-09
514,174,2.5058886349209395e-09
514,213,0.6963211303573751
514,214,0.6173622858203619
514,222,0.010041100874437721
514,235,0.3594076327820387
514,237,0.04746761393510972
514,242,0.06272347538665216
514,243,0.01845914014080769
514,244,0.06998753239829164
514,245,0.6024888463757442
514,246,0.20856795660149346
515,40,3.2294523390331693e-09
515,41,0.18196360522030833
515,42,0.541816597091678
515,43,0.0013596845235088932
515,47,0.6643527286993054
515,48,0.07908524282519802
515,49,0.007830399517502097
515,50,0.5923060483513529
515,52,0.052520071745287625
515,53,0.009647765027546308
515,54,0.02893965757882616
515,55,0.047319182734676016
515,56,0.000769612548633815
515,57,0.01716681594945661
515,67,0.196879130717279
515,69,0.2820719543934853
515,70,0.15461206912515926
515,73,0.1621175838888828
515,74,0.03740773148696265
515,76,0.00720383137023713
515,78,0.26239602033327025
515,79,0.17650924025972636
515,80,3.2294523390331693e-09
515,81,0.1657983469780735
515,120,0.7280658066774837
515,154,0.030300832492035835
515,155,0.13255917711380763
515,156,0.18595187956806447
515,157,0.06008204054855931
515,158,0.029892595295999927
515,159,3.2294523390331693e-09
515,160,0.0015498352807721784
515,161,0.009984470106847165
515,162,0.37536324174917723
515,163,0.015000144667586701
515,164,0.006349059441763514
515,165,0.24514564261133293
515,166,0.06533301550080256
515,167,0.4793789383824728
515,169,0.01863405906913456
515,170,0.0014209550812788354
515,172,0.012145929617531994
515,173,3.2294523390331693e-09
515,174,3.2294523390331693e-09
515,213,0.6957301994335283
515,214,0.6219096792244552
515,222,0.012145929617531994
515,235,0.3413288879572453
515,237,0.048964333834837094
515,242,0.0600850637024019
515,243,0.016088607791559073
515,244,0.08916462201235104
515,245,0.6113778232315134
515,246,0.20631945417798692
516,40,3.953016043145399e-09
516,41,0.1747909730554961
516,42,0.5341602271100462
516,43,0.0015232783853513893
516,47,0.6620431879022268
516,48,0.08436635262025297
516,49,0.010440532337082387
516,50,0.6151475464604462
516,52,0.05353943681814007
516,53,0.012031810265378856
516,54,0.031114497766123815
516,55,0.049269356730273973
516,56,0.0010261497119246777
516,57,0.014291452213995989
516,67,0.1988301751686659
516,69,0.27686195272172026
516,70,0.15059997916636467
516,73,0.14173833371436506
516,74,0.04346454331259009
516,76,0.006244341406896817
516,78,0.2607749750935005
516,79,0.189416631726757
516,80,3.953016043145399e-09
516,81,0.19057317996370152
516,120,0.729110639381527
516,154,0.030823491839480466
516,155,0.12892449107455073
516,156,0.18747254082422365
516,157,0.06397629714144308
516,158,0.030874015784821573
516,159,3.953016043145399e-09
516,160,0.001650045556860246
516,161,0.010146046588749215
516,162,0.36583751733224934
516,163,0.014899058086324097
516,164,0.007079614542200593
516,165,0.23283923225517678
516,166,0.07007441998222794
516,167,0.4469349396008312
516,169,0.013139664845293178
516,170,0.0012368063202862238
516,172,0.01425075836062627
516,173,3.953016043145399e-09
516,174,3.953016043145399e-09
516,213,0.6951392685096816
516,214,0.6264570726285486
516,222,0.01425075836062627
516,235,0.32325014313245193
516,237,0.05046105373456447
516,242,0.05744665201815165
516,243,0.013718075442310455
516,244,0.10834171162641044
516,245,0.6202668000872825
516,246,0.20407095175448034
517,40,4.676579747257629e-09
517,41,0.16761834089068384
517,42,0.5265038571284145
517,43,0.0016868722471938854
517,47,0.6597336471051481
517,48,0.0896474624153079
517,49,0.013050665156662677
517,50,0.6379890445695396
517,52,0.05455880189099251
517,53,0.014415855503211405
517,54,0.03328933795342147
517,55,0.05121953072587193
517,56,0.0012826868752155406
517,57,0.011416088478535369
517,67,0.20078121962005285
517,69,0.27165195104995526
517,70,0.1465878892075701
517,73,0.12135908353984733
517,74,0.049521355138217524
517,76,0.005284851443556503
517,78,0.2591539298537308
517,79,0.20232402319378762
517,80,4.676579747257629e-09
517,81,0.21534801294932954
517,120,0.7301554720855703
517,154,0.031346151186925096
517,155,0.12528980503529383
517,156,0.18899320208038287
517,157,0.06787055373432685
517,158,0.03185543627364322
517,159,4.676579747257629e-09
517,160,0.0017502558329483137
517,161,0.010307623070651264
517,162,0.3563117929153215
517,163,0.014797971505061494
517,164,0.007810169642637671
517,165,0.22053282189902063
517,166,0.07481582446365331
517,167,0.4144909408191896
517,169,0.007645270621451795
517,170,0.001052657559293612
517,172,0.016355587103720544
517,173,4.676579747257629e-09
517,174,4.676579747257629e-09
517,213,0.6945483375858347
517,214,0.6310044660326418
517,222,0.016355587103720544
517,235,0.30517139830765855
517,237,0.051957773634291854
517,242,0.054808240333901394
517,243,0.011347543093061838
517,244,0.12751880124046983
517,245,0.6291557769430517
517,246,0.2018224493309738
518,40,5.40014345136986e-09
518,41,0.1604457087258716
518,42,0.5188474871467829
518,43,0.0018504661090363813
518,47,0.6574241063080696
518,48,0.09492857221036283
518,49,0.01566079797624297
518,50,0.6608305426786331
518,52,0.055578166963844954
518,53,0.01679990074104395
518,54,0.03546417814071912
518,55,0.053169704721469896
518,56,0.0015392240385064032
518,57,0.00854072474307475
518,67,0.20273226407143977
518,69,0.2664419493781902
518,70,0.1425757992487755
518,73,0.10097983336532956
518,74,0.055578166963844954
518,76,0.00432536148021619
518,78,0.2575328846139611
518,79,0.21523141466081827
518,80,5.40014345136986e-09
518,81,0.2401228459349575
518,120,0.7312003047896136
518,154,0.031868810534369726
518,155,0.12165511899603691
518,156,0.19051386333654205
518,157,0.0717648103272106
518,158,0.03283685676246487
518,159,5.40014345136986e-09
518,160,0.0018504661090363813
518,161,0.010469199552553314
518,162,0.3467860684983936
518,163,0.014696884923798892
518,164,0.00854072474307475
518,165,0.20822641154286445
518,166,0.0795572289450787
518,167,0.3820469420375479
518,169,0.002150876397610414
518,170,0.0008685087983010006
518,172,0.01846041584681482
518,173,5.40014345136986e-09
518,174,5.40014345136986e-09
518,213,0.6939574066619879
518,214,0.6355518594367351
518,222,0.01846041584681482
518,235,0.28709265348286517
518,237,0.05345449353401923
518,242,0.05216982864965114
518,243,0.00897701074381322
518,244,0.14669589085452925
518,245,0.6380447537988209
518,246,0.19957394690746724
519,40,9.028848181555237e-07
519,41,0.16378386766297856
519,42,0.5105928192541419
519,43,0.005517759702941502
519,47,0.5940547845314043
519,48,0.10193298821377723
519,49,0.013051563364901087
519,50,0.6474878532877846
519,52,0.06112056440900581
519,53,0.01681539058026825
519,54,0.05067070507427801
519,55,0.05968754000947608
519,56,0.002687432056501458
519,57,0.015609007297509678
519,67,0.19418599014366605
519,69,0.2815846918927721
519,70,0.14292411082330944
519,73,0.11776112023503496
519,74,0.05982265092419059
519,76,0.007325123139249313
519,78,0.24134540481270497
519,79,0.21859785521659386
519,80,9.028848181555237e-07
519,81,0.23303013371094636
519,120,0.6974039835042224
519,154,0.03803206692598503
519,155,0.12638422174855682
519,156,0.19073787843130033
519,157,0.07978714166712546
519,158,0.040269033326357846
519,159,9.028848181555237e-07
519,160,0.004357528386928608
519,161,0.014237444317833142
519,162,0.34493617135039933
519,163,0.02028636224342951
519,164,0.008522015976975082
519,165,0.19965941167539367
519,166,0.08121996983348116
519,167,0.38089060154238846
519,169,0.010393252809850576
519,170,0.002446220736156096
519,172,0.02772470082907799
519,173,9.028848181555237e-07
519,174,9.028848181555237e-07
519,213,0.6792703936260666
519,214,0.5951977506409936
519,222,0.02772470082907799
519,235,0.2672277462290873
519,237,0.0662976090166896
519,242,0.07099246518539234
519,243,0.02240312133242659
519,244,0.14394251579233885
519,245,0.611345499910126
519,246,0.1973800387126136
520,40,1.8003694928596775e-06
520,41,0.16712202660008552
520,42,0.5023381513615008
520,43,0.009185053296846622
520,47,0.5306854627547389
520,48,0.10893740421719163
520,49,0.010442328753559205
520,50,0.6341451638969361
520,52,0.06666296185416666
520,53,0.016830880419492548
520,54,0.0658772320078369
520,55,0.06620537529748226
520,56,0.0038356400744965127
520,57,0.02267728985194461
520,67,0.18563971621589231
520,69,0.29672743440735394
520,70,0.14327242239784338
520,73,0.13454240710474036
520,74,0.06406713488453622
520,76,0.010324884798282434
520,78,0.2251579250114488
520,79,0.22196429577236945
520,80,1.8003694928596775e-06
520,81,0.2259374214869352
520,120,0.6636076622188312
520,154,0.04419532331760032
520,155,0.1311133245010767
520,156,0.19096189352605858
520,157,0.08780947300704031
520,158,0.04770120989025082
520,159,1.8003694928596775e-06
520,160,0.006864590664820836
520,161,0.01800568908311297
520,162,0.3430862742024051
520,163,0.02587583956306013
520,164,0.00850330721087541
520,165,0.1910924118079229
520,166,0.08288271072188362
520,167,0.379734261047229
520,169,0.018635629222090735
520,170,0.0040239326740111915
520,172,0.03698898581134116
520,173,1.8003694928596775e-06
520,174,1.8003694928596775e-06
520,213,0.6645833805901452
520,214,0.5548436418452519
520,222,0.03698898581134116
520,235,0.24736283897530945
520,237,0.07914072449935997
520,242,0.08981510172113355
520,243,0.03582923192103996
520,244,0.1411891407301485
520,245,0.5846462460214312
520,246,0.19518613051775996
521,40,2.6978541675638316e-06
521,41,0.17046018553719247
521,42,0.4940834834688599
521,43,0.012852346890751742
521,47,0.46731614097807367
521,48,0.11594182022060603
521,49,0.007833094142217324
521,50,0.6208024745060876
521,52,0.07220535929932752
521,53,0.016846370258716846
521,54,0.0810837589413958
521,55,0.07272321058548845
521,56,0.004983848092491568
521,57,0.029745572406379536
521,67,0.1770934422881186
521,69,0.31187017692193586
521,70,0.14362073397237732
521,73,0.15132369397444578
521,74,0.06831161884488185
521,76,0.013324646457315556
521,78,0.20897044521019265
521,79,0.22533073632814504
521,80,2.6978541675638316e-06
521,81,0.21884470926292404
521,120,0.62981134093344
521,154,0.050358579709215624
521,155,0.1358424272535966
521,156,0.19118590862081686
521,157,0.09583180434695517
521,158,0.0551333864541438
521,159,2.6978541675638316e-06
521,160,0.009371652942713062
521,161,0.0217739338483928
521,162,0.3412363770544109
521,163,0.031465316882690754
521,164,0.008484598444775742
521,165,0.18252541194045213
521,166,0.08454545161028607
521,167,0.3785779205520696
521,169,0.026878005634330897
521,170,0.005601644611866286
521,172,0.046253270793604334
521,173,2.6978541675638316e-06
521,174,2.6978541675638316e-06
521,213,0.6498963675542238
521,214,0.5144895330495104
521,222,0.046253270793604334
521,235,0.2274979317215316
521,237,0.09198383998203033
521,242,0.10863773825687474
521,243,0.049255342509653334
521,244,0.1384357656679581
521,245,0.5579469921327364
521,246,0.1929922223229063
522,40,3.5953388422679853e-06
522,41,0.17379834447429943
522,42,0.48582881557621893
522,43,0.016519640484656862
522,47,0.40394681920140835
522,48,0.12294623622402044
522,49,0.005223859530875442
522,50,0.6074597851152391
522,52,0.07774775674448837
522,53,0.016861860097941148
522,54,0.09629028587495468
522,55,0.07924104587349463
522,56,0.006132056110486623
522,57,0.03681385496081446
522,67,0.1685471683603449
522,69,0.3270129194365177
522,70,0.14396904554691126
522,73,0.16810498084415115
522,74,0.07255610280522748
522,76,0.01632440811634868
522,78,0.19278296540893647
522,79,0.22869717688392066
522,80,3.5953388422679853e-06
522,81,0.2117519970389129
522,120,0.5960150196480488
522,154,0.05652183610083092
522,155,0.1405715300061165
522,156,0.19140992371557514
522,157,0.10385413568687002
522,158,0.06256556301803677
522,159,3.5953388422679853e-06
522,160,0.011878715220605289
522,161,0.025542178613672625
522,162,0.3393864799064166
522,163,0.03705479420232137
522,164,0.008465889678676073
522,165,0.17395841207298135
522,166,0.08620819249868852
522,167,0.3774215800569102
522,169,0.03512038204657106
522,170,0.007179356549721382
522,172,0.055517555775867505
522,173,3.5953388422679853e-06
522,174,3.5953388422679853e-06
522,213,0.6352093545183024
522,214,0.47413542425376887
522,222,0.055517555775867505
522,235,0.20763302446775372
522,237,0.1048269554647007
522,242,0.12746037479261596
522,243,0.0626814530982667
522,244,0.1356823906057677
522,245,0.5312477382440415
522,246,0.19079831412805265
523,40,4.492823516972139e-06
523,41,0.17713650341140638
523,42,0.477574147683578
523,43,0.020186934078561983
523,47,0.340577497424743
523,48,0.12995065222743485
523,49,0.00261462491953356
523,50,0.5941170957243906
523,52,0.08329015418964923
523,53,0.016877349937165446
523,54,0.11149681280851356
523,55,0.08575888116150082
523,56,0.007280264128481677
523,57,0.043882137515249386
523,67,0.16000089443257115
523,69,0.3421556619510996
523,70,0.1443173571214452
523,73,0.18488626771385658
523,74,0.07680058676557312
523,76,0.0193241697753818
523,78,0.17659548560768032
523,79,0.23206361743969625
523,80,4.492823516972139e-06
523,81,0.20465928481490175
523,120,0.5622186983626576
523,154,0.06268509249244622
523,155,0.1453006327586364
523,156,0.1916339388103334
523,157,0.11187646702678487
523,158,0.06999773958192976
523,159,4.492823516972139e-06
523,160,0.014385777498497516
523,161,0.029310423378952455
523,162,0.33753658275842235
523,163,0.04264427152195199
523,164,0.008447180912576402
523,165,0.16539141220551057
523,166,0.08787093338709098
523,167,0.37626523956175073
523,169,0.04336275845881122
523,170,0.008757068487576477
523,172,0.06478184075813068
523,173,4.492823516972139e-06
523,174,4.492823516972139e-06
523,213,0.6205223414823811
523,214,0.4337813154580273
523,222,0.06478184075813068
523,235,0.18776811721397585
523,237,0.11767007094737106
523,242,0.14628301132835714
523,243,0.07610756368688007
523,244,0.13292901554357733
523,245,0.5045484843553467
523,246,0.18860440593319902
524,40,5.390308191676293e-06
524,41,0.18047466234851334
524,42,0.46931947979093697
524,43,0.023854227672467105
524,47,0.2772081756480777
524,48,0.13695506823084924
524,49,5.390308191676293e-06
524,50,0.5807744063335422
524,52,0.08883255163481009
524,53,0.016892839776389744
524,54,0.12670333974207246
524,55,0.092276716449507
524,56,0.008428472146476733
524,57,0.050950420069684324
524,67,0.15145462050479744
524,69,0.35729840446568145
524,70,0.14466566869597913
524,73,0.20166755458356198
524,74,0.08104507072591875
524,76,0.022323931434414922
524,78,0.16040800580642417
524,79,0.23543005799547184
524,80,5.390308191676293e-06
524,81,0.1975665725908906
524,120,0.5284223770772664
524,154,0.06884834888406152
524,155,0.15002973551115628
524,156,0.19185795390509167
524,157,0.11989879836669973
524,158,0.07742991614582273
524,159,5.390308191676293e-06
524,160,0.016892839776389744
524,161,0.033078668144232284
524,162,0.33568668561042814
524,163,0.048233748841582616
524,164,0.008428472146476733
524,165,0.15682441233803981
524,166,0.08953367427549344
524,167,0.3751088990665913
524,169,0.05160513487105138
524,170,0.010334780425431572
524,172,0.07404612574039385
524,173,5.390308191676293e-06
524,174,5.390308191676293e-06
524,213,0.6058353284464597
524,214,0.3934272066622857
524,222,0.07404612574039385
524,235,0.167903209960198
524,237,0.13051318643004142
524,242,0.16510564786409834
524,243,0.08953367427549344
524,244,0.13017564048138694
524,245,0.47784923046665184
524,246,0.18641049773834537
525,40,2.8323686189732947e-06
525,41,0.16858529091111596
525,42,0.4660185899736362
525,43,0.027742533903589488
525,47,0.29338315913727514
525,48,0.09048843315383837
525,49,0.001057504244357322
525,50,0.6034056502205201
525,52,0.09084869616110158
525,53,0.012148683606365685
525,54,0.14638597636455525
525,55,0.10257152833221875
525,56,0.008248559283630087
525,57,0.08736128205613151
525,67,0.1766504642653322
525,69,0.24795128802310362
525,70,0.1777717829234961
525,73,0.19318312502970253
525,74,0.07486070280379671
525,76,0.05340196778735656
525,78,0.24550006760492427
525,79,0.2629339830529936
525,80,2.8323686189732947e-06
525,81,0.2152715924564865
525,120,0.5382252240783781
525,154,0.05667407470526753
525,155,0.17164641748349724
525,156,0.16404337335588434
525,157,0.09735808080631438
525,158,0.07155728405371302
525,159,2.8323686189732947e-06
525,160,0.01142756573833182
525,161,0.026536569286994334
525,162,0.3737182483515996
525,163,0.031378765233988054
525,164,0.011241689404960366
525,165,0.21828891811087076
525,166,0.07387646260900974
525,167,0.3997972633122513
525,169,0.04634381041239706
525,170,0.01040217409978184
525,172,0.08127812583167554
525,173,2.8323686189732947e-06
525,174,2.8323686189732947e-06
525,213,0.6182877203829978
525,214,0.5103783133599491
525,222,0.08127812583167554
525,235,0.21616741201305162
525,237,0.14125435532047903
525,242,0.12673152773157403
525,243,0.053563530799514286
525,244,0.12152099034815872
525,245,0.5009818563260565
525,246,0.3457537409577367
526,40,2.744290462702964e-07
526,41,0.15669591947371858
526,42,0.4627177001563355
526,43,0.03163084013471187
526,47,0.3095581426264726
526,48,0.044021798076827504
526,49,0.002109618180522968
526,50,0.6260368941074979
526,52,0.09286484068739306
526,53,0.007404527436341627
526,54,0.16606861298703804
526,55,0.1128663402149305
526,56,0.008068646420783443
526,57,0.1237721440425787
526,67,0.20184630802586698
526,69,0.13860417158052582
526,70,0.21087789715101307
526,73,0.18469869547584308
526,74,0.06867633488167467
526,76,0.0844800041402982
526,78,0.33059212940342436
526,79,0.29043790811051534
526,80,2.744290462702964e-07
526,81,0.2329766123220824
526,120,0.5480280710794899
526,154,0.04449980052647353
526,155,0.19326309945583817
526,156,0.13622879280667702
526,157,0.07481736324592902
526,158,0.06568465196160331
526,159,2.744290462702964e-07
526,160,0.005962291700273896
526,161,0.019994470429756387
526,162,0.41174981109277103
526,163,0.014523781626393496
526,164,0.014054906663443998
526,165,0.27975342388370167
526,166,0.05821925094252602
526,167,0.4244856275579113
526,169,0.041082485953742746
526,170,0.010469567774132105
526,172,0.08851012592295722
526,173,2.744290462702964e-07
526,174,2.744290462702964e-07
526,213,0.630740112319536
526,214,0.6273294200576125
526,222,0.08851012592295722
526,235,0.26443161406590526
526,237,0.15199552421091667
526,242,0.0883574075990497
526,243,0.017593387323535124
526,244,0.1128663402149305
526,245,0.5241144821854612
526,246,0.505096984177128
