month_id,country_id,sc_cm_sb_reign_drought_calibrated
489,40,0.0912654064616765
489,41,0.0912654064616765
489,42,0.125708195080174
489,43,0.0912654064616765
489,47,0.12546909806251155
489,48,0.1327493591208724
489,49,0.0912654064616765
489,50,0.0912654064616765
489,52,0.0912654064616765
489,53,0.0912654064616765
489,54,0.0912654064616765
489,55,0.11574655836759189
489,56,0.1179207668857807
489,57,0.117114189679039
489,67,0.11574655836759189
489,69,0.0912654064616765
489,70,0.1363453170869887
489,73,0.11574655836759189
489,74,0.0912654064616765
489,76,0.13631609404868178
489,78,0.0912654064616765
489,79,0.0912654064616765
489,80,0.0912654064616765
489,81,0.13628697681840438
489,120,0.12766172627132963
489,154,0.0912654064616765
489,155,0.0912654064616765
489,156,0.0912654064616765
489,157,0.1324301798787876
489,158,0.13247931310582106
489,159,0.0912654064616765
489,160,0.13236418434737107
489,161,0.0912654064616765
489,162,0.12279470726558973
489,163,0.0912654064616765
489,164,0.0912654064616765
489,165,0.1323842176224182
489,166,0.1235299970058809
489,167,0.0912654064616765
489,169,0.12774183094945615
489,170,0.12984153656222955
489,172,0.1283661669474199
489,173,0.12154503644323289
489,174,0.12154503644323289
489,213,0.0912654064616765
489,214,0.0912654064616765
489,222,0.13244251648684144
489,235,0.0912654064616765
489,237,0.1276481025866577
489,242,0.0912654064616765
489,243,0.11962219501898361
489,244,0.1275927924002558
489,245,0.12314144854934728
489,246,0.1275504244378882
490,40,0.0902561175626442
490,41,0.0902561175626442
490,42,0.12799706785109605
490,43,0.0902561175626442
490,47,0.1262269169369032
490,48,0.13388931690670694
490,49,0.0902561175626442
490,50,0.0902561175626442
490,52,0.10672706700248676
490,53,0.0902561175626442
490,54,0.0902561175626442
490,55,0.1024966935156019
490,56,0.12505190612832956
490,57,0.10318050917132546
490,67,0.1024966935156019
490,69,0.0902561175626442
490,70,0.13787179933578442
490,73,0.1024966935156019
490,74,0.0902561175626442
490,76,0.1378676388108689
490,78,0.0902561175626442
490,79,0.0902561175626442
490,80,0.10377045638681898
490,81,0.13783055751781154
490,120,0.12863730286026148
490,154,0.10672706700248676
490,155,0.0902561175626442
490,156,0.0902561175626442
490,157,0.1337519617497045
490,158,0.1337269136476773
490,159,0.0902561175626442
490,160,0.13761158206479135
490,161,0.0902561175626442
490,162,0.12370583554085814
490,163,0.0902561175626442
490,164,0.0902561175626442
490,165,0.13102537840088313
490,166,0.1063884128347464
490,167,0.0902561175626442
490,169,0.1303260599489921
490,170,0.1310184200547223
490,172,0.12940479610361338
490,173,0.12148257876002644
490,174,0.12148257876002644
490,213,0.0902561175626442
490,214,0.0902561175626442
490,222,0.11084467257522668
490,235,0.0902561175626442
490,237,0.1084474656251348
490,242,0.0902561175626442
490,243,0.10443451184129776
490,244,0.10841981053193386
490,245,0.10619413860647958
490,246,0.1335890164923136
491,40,0.0892468286636119
491,41,0.0892468286636119
491,42,0.13028594062201806
491,43,0.0892468286636119
491,47,0.1269847358112948
491,48,0.13502927469254147
491,49,0.0892468286636119
491,50,0.0892468286636119
491,52,0.12218872754329702
491,53,0.0892468286636119
491,54,0.0892468286636119
491,55,0.0892468286636119
491,56,0.1321830453708784
491,57,0.0892468286636119
491,67,0.0892468286636119
491,69,0.0892468286636119
491,70,0.13939828158458015
491,73,0.0892468286636119
491,74,0.0892468286636119
491,76,0.13941918357305597
491,78,0.0892468286636119
491,79,0.0892468286636119
491,80,0.11627550631196146
491,81,0.13937413821721872
491,120,0.12961287944919336
491,154,0.12218872754329702
491,155,0.0892468286636119
491,156,0.0892468286636119
491,157,0.13507374362062138
491,158,0.13497451418953355
491,159,0.0892468286636119
491,160,0.14285897978221163
491,161,0.0892468286636119
491,162,0.12461696381612654
491,163,0.0892468286636119
491,164,0.0892468286636119
491,165,0.1296665391793481
491,166,0.0892468286636119
491,167,0.0892468286636119
491,169,0.13291028894852805
491,170,0.13219530354721504
491,172,0.1304434252598069
491,173,0.12142012107681999
491,174,0.12142012107681999
491,213,0.0892468286636119
491,214,0.0892468286636119
491,222,0.0892468286636119
491,235,0.0892468286636119
491,237,0.0892468286636119
491,242,0.0892468286636119
491,243,0.0892468286636119
491,244,0.0892468286636119
491,245,0.0892468286636119
491,246,0.13962760854673903
492,40,0.09038030270645385
492,41,0.09038030270645385
492,42,0.1316323666795789
492,43,0.09038030270645385
492,47,0.11553890747157579
492,48,0.13347997532654202
492,49,0.09038030270645385
492,50,0.09038030270645385
492,52,0.11234156862624393
492,53,0.09038030270645385
492,54,0.09038030270645385
492,55,0.10297183953359802
492,56,0.1307938400392985
492,57,0.09908739599242436
492,67,0.09038030270645385
492,69,0.09038030270645385
492,70,0.12381460465376602
492,73,0.09038030270645385
492,74,0.09038030270645385
492,76,0.1376131680934889
492,78,0.09038030270645385
492,79,0.10214332015283607
492,80,0.10839942113868689
492,81,0.13756368765822474
492,120,0.12842392657073232
492,154,0.11234156862624393
492,155,0.09038030270645385
492,156,0.09038030270645385
492,157,0.13353536234426594
492,158,0.13349914950005484
492,159,0.09038030270645385
492,160,0.13870804264899006
492,161,0.09038030270645385
492,162,0.12399932932639099
492,163,0.09038030270645385
492,164,0.10088479968260637
492,165,0.11732677638361132
492,166,0.09038030270645385
492,167,0.09038030270645385
492,169,0.131543275985527
492,170,0.13084903205327011
492,172,0.1282882052404369
492,173,0.11977269925101908
492,174,0.11977269925101908
492,213,0.09038030270645385
492,214,0.09038030270645385
492,222,0.10298851018257023
492,235,0.09038030270645385
492,237,0.09038030270645385
492,242,0.09038030270645385
492,243,0.10081208760851297
492,244,0.09038030270645385
492,245,0.10021865909691587
492,246,0.13782829648365
493,40,0.09151377674929581
493,41,0.09151377674929581
493,42,0.1329787927371397
493,43,0.09151377674929581
493,47,0.10409307913185677
493,48,0.1319306759605426
493,49,0.09151377674929581
493,50,0.09151377674929581
493,52,0.10249440970919084
493,53,0.09151377674929581
493,54,0.09151377674929581
493,55,0.11669685040358413
493,56,0.12940463470771862
493,57,0.1089279633212368
493,67,0.09151377674929581
493,69,0.09151377674929581
493,70,0.10823092772295188
493,73,0.09151377674929581
493,74,0.09151377674929581
493,76,0.13580715261392182
493,78,0.09151377674929581
493,79,0.11503981164206023
493,80,0.10052333596541232
493,81,0.1357532370992308
493,120,0.12723497369227127
493,154,0.10249440970919084
493,155,0.09151377674929581
493,156,0.09151377674929581
493,157,0.13199698106791052
493,158,0.13202378481057617
493,159,0.09151377674929581
493,160,0.1345571055157685
493,161,0.09151377674929581
493,162,0.12338169483665543
493,163,0.09151377674929581
493,164,0.11252277070160083
493,165,0.10498701358787453
493,166,0.09151377674929581
493,167,0.09151377674929581
493,169,0.130176263022526
493,170,0.12950276055932522
493,172,0.12613298522106692
493,173,0.11812527742521818
493,174,0.11812527742521818
493,213,0.09151377674929581
493,214,0.09151377674929581
493,222,0.11673019170152857
493,235,0.09151377674929581
493,237,0.09151377674929581
493,242,0.09151377674929581
493,243,0.11237734655341403
493,244,0.09151377674929581
493,245,0.11119048953021983
493,246,0.136028984420561
494,40,0.09264725079213776
494,41,0.09264725079213776
494,42,0.13432521879470052
494,43,0.09264725079213776
494,47,0.09264725079213776
494,48,0.13038137659454313
494,49,0.09264725079213776
494,50,0.09264725079213776
494,52,0.09264725079213776
494,53,0.09264725079213776
494,54,0.09264725079213776
494,55,0.13042186127357025
494,56,0.12801542937613872
494,57,0.11876853065004926
494,67,0.09264725079213776
494,69,0.09264725079213776
494,70,0.09264725079213776
494,73,0.09264725079213776
494,74,0.09264725079213776
494,76,0.13400113713435474
494,78,0.09264725079213776
494,79,0.1279363031312844
494,80,0.09264725079213776
494,81,0.1339427865402368
494,120,0.12604602081381022
494,154,0.09264725079213776
494,155,0.09264725079213776
494,156,0.09264725079213776
494,157,0.13045859979155508
494,158,0.13054842012109746
494,159,0.09264725079213776
494,160,0.13040616838254693
494,161,0.09264725079213776
494,162,0.12276406034691988
494,163,0.09264725079213776
494,164,0.1241607417205953
494,165,0.09264725079213776
494,166,0.09264725079213776
494,167,0.09264725079213776
494,169,0.12880925005952495
494,170,0.1281564890653803
494,172,0.12397776520169693
494,173,0.11647785559941727
494,174,0.11647785559941727
494,213,0.09264725079213776
494,214,0.09264725079213776
494,222,0.1304718732204869
494,235,0.09264725079213776
494,237,0.09264725079213776
494,242,0.09264725079213776
494,243,0.1239426054983151
494,244,0.09264725079213776
494,245,0.1221623199635238
494,246,0.13422967235747196
495,40,0.09247378665409207
495,41,0.09247378665409207
495,42,0.13469698996522658
495,43,0.09247378665409207
495,47,0.10264993858950551
495,48,0.11762987052236232
495,49,0.10472568077027758
495,50,0.09247378665409207
495,52,0.09247378665409207
495,53,0.09247378665409207
495,54,0.09247378665409207
495,55,0.12922384343310936
495,56,0.1245561766361785
495,57,0.11893153119693252
495,67,0.09247378665409207
495,69,0.09247378665409207
495,70,0.10680932742711889
495,73,0.09247378665409207
495,74,0.09247378665409207
495,76,0.13436445332504332
495,78,0.09247378665409207
495,79,0.11599982154685651
495,80,0.09247378665409207
495,81,0.12850774807891055
495,120,0.12639246396552772
495,154,0.09247378665409207
495,155,0.09247378665409207
495,156,0.09247378665409207
495,157,0.1308002341284296
495,158,0.12642742777852675
495,159,0.09247378665409207
495,160,0.1307498002952757
495,161,0.09247378665409207
495,162,0.11255165969061348
495,163,0.09247378665409207
495,164,0.1134827806063971
495,165,0.09247378665409207
495,166,0.09247378665409207
495,167,0.10261614717433487
495,169,0.12607207385902364
495,170,0.12848699327468702
495,172,0.11336079626046486
495,173,0.11660838520716019
495,174,0.11660838520716019
495,213,0.10261614717433487
495,214,0.09247378665409207
495,222,0.1307799107407565
495,235,0.09247378665409207
495,237,0.09247378665409207
495,242,0.09247378665409207
495,243,0.12427849550931265
495,244,0.09247378665409207
495,245,0.12234292960535599
495,246,0.1317623841557105
496,40,0.09230032251604639
496,41,0.09230032251604639
496,42,0.1350687611357526
496,43,0.09230032251604639
496,47,0.11265262638687325
496,48,0.10487836445018152
496,49,0.1168041107484174
496,50,0.09230032251604639
496,52,0.09230032251604639
496,53,0.09230032251604639
496,54,0.09230032251604639
496,55,0.1280258255926485
496,56,0.12109692389621828
496,57,0.11909453174381578
496,67,0.09230032251604639
496,69,0.09230032251604639
496,70,0.12097140406210004
496,73,0.09230032251604639
496,74,0.09230032251604639
496,76,0.1347277695157319
496,78,0.09230032251604639
496,79,0.1040633399624286
496,80,0.09230032251604639
496,81,0.1230727096175843
496,120,0.12673890711724525
496,154,0.09230032251604639
496,155,0.09230032251604639
496,156,0.09230032251604639
496,157,0.13114186846530412
496,158,0.12230643543595605
496,159,0.09230032251604639
496,160,0.13109343220800443
496,161,0.09230032251604639
496,162,0.1023392590343071
496,163,0.09230032251604639
496,164,0.1028048194921989
496,165,0.09230032251604639
496,166,0.09230032251604639
496,167,0.11258504355653197
496,169,0.1233348976585223
496,170,0.1288174974839937
496,172,0.10274382731923278
496,173,0.11673891481490309
496,174,0.11673891481490309
496,213,0.11258504355653197
496,214,0.09230032251604639
496,222,0.13108794826102613
496,235,0.09230032251604639
496,237,0.09230032251604639
496,242,0.09230032251604639
496,243,0.1246143855203102
496,244,0.09230032251604639
496,245,0.12252353924718817
496,246,0.12929509595394906
497,40,0.0921268583780007
497,41,0.0921268583780007
497,42,0.13544053230627867
497,43,0.0921268583780007
497,47,0.122655314184241
497,48,0.0921268583780007
497,49,0.12888254072655722
497,50,0.0921268583780007
497,52,0.0921268583780007
497,53,0.0921268583780007
497,54,0.0921268583780007
497,55,0.1268278077521876
497,56,0.11763767115625806
497,57,0.11925753229069903
497,67,0.0921268583780007
497,69,0.0921268583780007
497,70,0.13513348069708117
497,73,0.0921268583780007
497,74,0.0921268583780007
497,76,0.13509108570642048
497,78,0.0921268583780007
497,79,0.0921268583780007
497,80,0.0921268583780007
497,81,0.11763767115625806
497,120,0.12708535026896275
497,154,0.0921268583780007
497,155,0.0921268583780007
497,156,0.0921268583780007
497,157,0.13148350280217863
497,158,0.11818544309338534
497,159,0.0921268583780007
497,160,0.1314370641207332
497,161,0.0921268583780007
497,162,0.0921268583780007
497,163,0.0921268583780007
497,164,0.0921268583780007
497,165,0.0921268583780007
497,166,0.0921268583780007
497,167,0.12255393993872908
497,169,0.12059772145802097
497,170,0.12914800169330043
497,172,0.0921268583780007
497,173,0.116869444422646
497,174,0.116869444422646
497,213,0.12255393993872908
497,214,0.0921268583780007
497,222,0.13139598578129574
497,235,0.0921268583780007
497,237,0.0921268583780007
497,242,0.0921268583780007
497,243,0.12495027553130776
497,244,0.0921268583780007
497,245,0.12270414888902037
497,246,0.1268278077521876
498,40,0.09999508647078362
498,41,0.10138149520576648
498,42,0.13350757174678846
498,43,0.09360202785391761
498,47,0.12078625327416403
498,48,0.10362402592987482
498,49,0.11810581608628862
498,50,0.09360202785391761
498,52,0.09360202785391761
498,53,0.09360202785391761
498,54,0.09360202785391761
498,55,0.12565849117665331
498,56,0.11777614879015207
498,57,0.11775313152705826
498,67,0.10364004320556572
498,69,0.09999508647078362
498,70,0.13317731021325976
498,73,0.09360202785391761
498,74,0.09360202785391761
498,76,0.13317059784092355
498,78,0.09360202785391761
498,79,0.09360202785391761
498,80,0.09360202785391761
498,81,0.11060923637275584
498,120,0.12577848793199264
498,154,0.09360202785391761
498,155,0.09360202785391761
498,156,0.09360202785391761
498,157,0.12986380526443778
498,158,0.1176990530692752
498,159,0.09360202785391761
498,160,0.1298127859799565
498,161,0.09360202785391761
498,162,0.09360202785391761
498,163,0.09360202785391761
498,164,0.09360202785391761
498,165,0.09360202785391761
498,166,0.09360202785391761
498,167,0.11388674889440319
498,169,0.11991310227985402
498,170,0.12772751683945086
498,172,0.09360202785391761
498,173,0.11616107294835623
498,174,0.11616107294835623
498,213,0.11388674889440319
498,214,0.09360202785391761
498,222,0.1298031558057773
498,235,0.09360202785391761
498,237,0.09360202785391761
498,242,0.09360202785391761
498,243,0.12550745675823813
498,244,0.09360202785391761
498,245,0.12179376104755474
498,246,0.12561017229636356
499,40,0.10786331456356653
499,41,0.11063613203353224
499,42,0.13157461118729827
499,43,0.0950771973298345
499,47,0.11891719236408708
499,48,0.11512119348174894
499,49,0.10732909144602
499,50,0.0950771973298345
499,52,0.0950771973298345
499,53,0.0950771973298345
499,54,0.0950771973298345
499,55,0.12448917460111902
499,56,0.11791462642404606
499,57,0.11624873076341746
499,67,0.11515322803313073
499,69,0.10786331456356653
499,70,0.13122113972943833
499,73,0.0950771973298345
499,74,0.0950771973298345
499,76,0.1312501099754266
499,78,0.0950771973298345
499,79,0.0950771973298345
499,80,0.0950771973298345
499,81,0.10358080158925362
499,120,0.12447162559502255
499,154,0.0950771973298345
499,155,0.0950771973298345
499,156,0.0950771973298345
499,157,0.12824410772669695
499,158,0.11721266304516505
499,159,0.0950771973298345
499,160,0.12818850783917982
499,161,0.0950771973298345
499,162,0.0950771973298345
499,163,0.0950771973298345
499,164,0.0950771973298345
499,165,0.0950771973298345
499,166,0.0950771973298345
499,167,0.10521955785007729
499,169,0.11922848310168707
499,170,0.12630703198560128
499,172,0.0950771973298345
499,173,0.11545270147406646
499,174,0.11545270147406646
499,213,0.10521955785007729
499,214,0.0950771973298345
499,222,0.12821032583025885
499,235,0.0950771973298345
499,237,0.0950771973298345
499,242,0.0950771973298345
499,243,0.12606463798516848
499,244,0.0950771973298345
499,245,0.12088337320608909
499,246,0.12439253684053951
500,40,0.11573154265634944
500,41,0.11989076886129801
500,42,0.12964165062780805
500,43,0.0965523668057514
500,47,0.11704813145401012
500,48,0.12661836103362306
500,49,0.0965523668057514
500,50,0.0965523668057514
500,52,0.0965523668057514
500,53,0.0965523668057514
500,54,0.0965523668057514
500,55,0.12331985802558473
500,56,0.11805310405794006
500,57,0.11474432999977668
500,67,0.12666641286069574
500,69,0.11573154265634944
500,70,0.12926496924561692
500,73,0.0965523668057514
500,74,0.0965523668057514
500,76,0.12932962210992968
500,78,0.0965523668057514
500,79,0.0965523668057514
500,80,0.0965523668057514
500,81,0.0965523668057514
500,120,0.12316476325805244
500,154,0.0965523668057514
500,155,0.0965523668057514
500,156,0.0965523668057514
500,157,0.1266244101889561
500,158,0.1167262730210549
500,159,0.0965523668057514
500,160,0.1265642296984031
500,161,0.0965523668057514
500,162,0.0965523668057514
500,163,0.0965523668057514
500,164,0.0965523668057514
500,165,0.0965523668057514
500,166,0.0965523668057514
500,167,0.0965523668057514
500,169,0.11854386392352012
500,170,0.12488654713175172
500,172,0.0965523668057514
500,173,0.11474432999977668
500,174,0.11474432999977668
500,213,0.0965523668057514
500,214,0.0965523668057514
500,222,0.12661749585474041
500,235,0.0965523668057514
500,237,0.0965523668057514
500,242,0.0965523668057514
500,243,0.12662181921209884
500,244,0.0965523668057514
500,245,0.11997298536462346
500,246,0.12317490138471546
501,40,0.11392394891579234
501,41,0.11897964851144072
501,42,0.12722928376405532
501,43,0.0979413023736273
501,47,0.1163789779542954
501,48,0.12299629756352036
501,49,0.0979413023736273
501,50,0.09946364818290641
501,52,0.09936587586847395
501,53,0.0979413023736273
501,54,0.0979413023736273
501,55,0.12193182079271289
501,56,0.11585858341711786
501,57,0.11441767952414342
501,67,0.1230363407527476
501,69,0.11561438447051778
501,70,0.12520180440684858
501,73,0.0979413023736273
501,74,0.0979413023736273
501,76,0.12525568179377589
501,78,0.0979413023736273
501,79,0.09930957963423091
501,80,0.0979413023736273
501,81,0.09982658492774088
501,120,0.12180585093634783
501,154,0.0979413023736273
501,155,0.0979413023736273
501,156,0.0979413023736273
501,157,0.12489323882337344
501,158,0.11598871724214505
501,159,0.0979413023736273
501,160,0.12483826409994346
501,161,0.0979413023736273
501,162,0.09934866915616636
501,163,0.09935478136876215
501,164,0.0979413023736273
501,165,0.09975511028619291
501,166,0.0979413023736273
501,167,0.0979413023736273
501,169,0.1162675499717679
501,170,0.12335111902528322
501,172,0.0979413023736273
501,173,0.11310127170198171
501,174,0.11310127170198171
501,213,0.0979413023736273
501,214,0.0979413023736273
501,222,0.12299557658111815
501,235,0.0979413023736273
501,237,0.0979413023736273
501,242,0.0979413023736273
501,243,0.12299917937891683
501,244,0.0979413023736273
501,245,0.11896349240853563
501,246,0.12180313326618546
502,40,0.11211635517523523
502,41,0.11806852816158342
502,42,0.12481691690030258
502,43,0.09933023794150321
502,47,0.11570982445458068
502,48,0.11937423409341764
502,49,0.09933023794150321
502,50,0.10237492956006143
502,52,0.1021793849311965
502,53,0.09933023794150321
502,54,0.09933023794150321
502,55,0.12054378355984104
502,56,0.11366406277629565
502,57,0.11409102904851015
502,67,0.11940626864479943
502,69,0.1154972262846861
502,70,0.12113863956808023
502,73,0.09933023794150321
502,74,0.09933023794150321
502,76,0.12118174147762206
502,78,0.09933023794150321
502,79,0.10206679246271042
502,80,0.09933023794150321
502,81,0.10310080304973036
502,120,0.12044693861464321
502,154,0.09933023794150321
502,155,0.09933023794150321
502,156,0.09933023794150321
502,157,0.12316206745779078
502,158,0.11525116146323519
502,159,0.09933023794150321
502,160,0.12311229850148381
502,161,0.09933023794150321
502,162,0.10214497150658132
502,163,0.1021571959317729
502,164,0.09933023794150321
502,165,0.10295785376663444
502,166,0.09933023794150321
502,167,0.09933023794150321
502,169,0.1139912360200157
502,170,0.12181569091881471
502,172,0.09933023794150321
502,173,0.11145821340418673
502,174,0.11145821340418673
502,213,0.09933023794150321
502,214,0.09933023794150321
502,222,0.11937365730749588
502,235,0.09933023794150321
502,237,0.09933023794150321
502,242,0.09933023794150321
502,243,0.11937653954573484
502,244,0.09933023794150321
502,245,0.1179539994524478
502,246,0.12043136514765546
503,40,0.11030876143467813
503,41,0.11715740781172612
503,42,0.12240455003654985
503,43,0.10071917350937912
503,47,0.11504067095486598
503,48,0.11575217062331494
503,49,0.10071917350937912
503,50,0.10528621093721643
503,52,0.10499289399391906
503,53,0.10071917350937912
503,54,0.10071917350937912
503,55,0.1191557463269692
503,56,0.11146954213547344
503,57,0.11376437857287688
503,67,0.11577619653685128
503,69,0.11538006809885443
503,70,0.11707547472931187
503,73,0.10071917350937912
503,74,0.10071917350937912
503,76,0.11710780116146825
503,78,0.10071917350937912
503,79,0.10482400529118993
503,80,0.10071917350937912
503,81,0.10637502117171985
503,120,0.1190880262929386
503,154,0.10071917350937912
503,155,0.10071917350937912
503,156,0.10071917350937912
503,157,0.12143089609220811
503,158,0.11451360568432534
503,159,0.10071917350937912
503,160,0.12138633290302416
503,161,0.10071917350937912
503,162,0.10494127385699628
503,163,0.10495961049478364
503,164,0.10071917350937912
503,165,0.10616059724707595
503,166,0.10071917350937912
503,167,0.10071917350937912
503,169,0.11171492206826347
503,170,0.12028026281234619
503,172,0.10071917350937912
503,173,0.10981515510639175
503,174,0.10981515510639175
503,213,0.10071917350937912
503,214,0.10071917350937912
503,222,0.11575173803387362
503,235,0.10071917350937912
503,237,0.10071917350937912
503,242,0.10071917350937912
503,243,0.11575389971255283
503,244,0.10071917350937912
503,245,0.11694450649635997
503,246,0.11905959702912547
504,40,0.10850116769412103
504,41,0.11624628746186882
504,42,0.1199921831727971
504,43,0.10210810907725501
504,47,0.11437151745515126
504,48,0.11213010715321224
504,49,0.10210810907725501
504,50,0.10819749231437145
504,52,0.10780640305664162
504,53,0.10210810907725501
504,54,0.10210810907725501
504,55,0.11776770909409735
504,56,0.10927502149465124
504,57,0.1134377280972436
504,67,0.11214612442890314
504,69,0.11526290991302277
504,70,0.11301230989054352
504,73,0.10210810907725501
504,74,0.10210810907725501
504,76,0.11303386084531444
504,78,0.10210810907725501
504,79,0.10758121811966945
504,80,0.10210810907725501
504,81,0.10964923929370933
504,120,0.11772911397123399
504,154,0.10210810907725501
504,155,0.10210810907725501
504,156,0.10210810907725501
504,157,0.11969972472662546
504,158,0.1137760499054155
504,159,0.10210810907725501
504,160,0.1196603673045645
504,161,0.10210810907725501
504,162,0.10773757620741126
504,163,0.10776202505779439
504,164,0.10210810907725501
504,165,0.10936334072751747
504,166,0.10210810907725501
504,167,0.10210810907725501
504,169,0.10943860811651125
504,170,0.11874483470587768
504,172,0.10210810907725501
504,173,0.10817209680859678
504,174,0.10817209680859678
504,213,0.10210810907725501
504,214,0.10210810907725501
504,222,0.11212981876025135
504,235,0.10210810907725501
504,237,0.10210810907725501
504,242,0.10210810907725501
504,243,0.11213125987937082
504,244,0.10210810907725501
504,245,0.11593501354027214
504,246,0.11768782891059547
505,40,0.10669357395356392
505,41,0.11533516711201153
505,42,0.11757981630904436
505,43,0.10349704464513092
505,47,0.11370236395543654
505,48,0.10850804368310953
505,49,0.10349704464513092
505,50,0.11110877369152647
505,52,0.11061991211936417
505,53,0.10349704464513092
505,54,0.10349704464513092
505,55,0.1163796718612255
505,56,0.10708050085382903
505,57,0.11311107762161034
505,67,0.10851605232095497
505,69,0.1151457517271911
505,70,0.10894914505177516
505,73,0.10349704464513092
505,74,0.10349704464513092
505,76,0.10895992052916063
505,78,0.10349704464513092
505,79,0.11033843094814895
505,80,0.10349704464513092
505,81,0.11292345741569881
505,120,0.11637020164952938
505,154,0.10349704464513092
505,155,0.10349704464513092
505,156,0.10349704464513092
505,157,0.11796855336104281
505,158,0.11303849412650564
505,159,0.10349704464513092
505,160,0.11793440170610485
505,161,0.10349704464513092
505,162,0.11053387855782622
505,163,0.11056443962080514
505,164,0.10349704464513092
505,165,0.112566084207959
505,166,0.10349704464513092
505,167,0.10349704464513092
505,169,0.10716229416475904
505,170,0.11720940659940918
505,172,0.10349704464513092
505,173,0.1065290385108018
505,174,0.1065290385108018
505,213,0.10349704464513092
505,214,0.10349704464513092
505,222,0.10850789948662909
505,235,0.10349704464513092
505,237,0.10349704464513092
505,242,0.10349704464513092
505,243,0.10850862004618883
505,244,0.10349704464513092
505,245,0.11492552058418432
505,246,0.11631606079206547
506,40,0.10488598021300682
506,41,0.11442404676215423
506,42,0.11516744944529163
506,43,0.10488598021300682
506,47,0.11303321045572182
506,48,0.10488598021300682
506,49,0.10488598021300682
506,50,0.11402005506868149
506,52,0.11343342118208673
506,53,0.10488598021300682
506,54,0.10488598021300682
506,55,0.11499163462835366
506,56,0.10488598021300682
506,57,0.11278442714597707
506,67,0.10488598021300682
506,69,0.11502859354135943
506,70,0.10488598021300682
506,73,0.10488598021300682
506,74,0.10488598021300682
506,76,0.10488598021300682
506,78,0.10488598021300682
506,79,0.11309564377662847
506,80,0.10488598021300682
506,81,0.1161976755376883
506,120,0.11501128932782477
506,154,0.10488598021300682
506,155,0.10488598021300682
506,156,0.10488598021300682
506,157,0.11623738199546015
506,158,0.11230093834759579
506,159,0.10488598021300682
506,160,0.1162084361076452
506,161,0.10488598021300682
506,162,0.11333018090824118
506,163,0.1133668541838159
506,164,0.10488598021300682
506,165,0.11576882768840051
506,166,0.10488598021300682
506,167,0.10488598021300682
506,169,0.10488598021300682
506,170,0.11567397849294067
506,172,0.10488598021300682
506,173,0.10488598021300682
506,174,0.10488598021300682
506,213,0.10488598021300682
506,214,0.10488598021300682
506,222,0.10488598021300682
506,235,0.10488598021300682
506,237,0.10488598021300682
506,242,0.10488598021300682
506,243,0.10488598021300682
506,244,0.10488598021300682
506,245,0.11391602762809648
506,246,0.11494429267353547
507,40,0.10492905472147696
507,41,0.11441167253697875
507,42,0.11514087080248507
507,43,0.10492905472147696
507,47,0.11315454638171367
507,48,0.10664109709592128
507,49,0.10492905472147696
507,50,0.11372739023903825
507,52,0.1120519221957102
507,53,0.10492905472147696
507,54,0.10654319638869411
507,55,0.11335043340093265
507,56,0.10611566119264268
507,57,0.1115110938322855
507,67,0.10674192379640703
507,69,0.11520926887824057
507,70,0.10700763218774842
507,73,0.10628014377776278
507,74,0.10492905472147696
507,76,0.10690447605772176
507,78,0.10492905472147696
507,79,0.11177044102449499
507,80,0.10605740192158356
507,81,0.1161673697139377
507,120,0.11498330615086863
507,154,0.10605740192158356
507,155,0.10492905472147696
507,156,0.10492905472147696
507,157,0.11620176233990703
507,158,0.11235321957787982
507,159,0.10492905472147696
507,160,0.11617560794133899
507,161,0.10492905472147696
507,162,0.11318665173373839
507,163,0.11335339850772627
507,164,0.10492905472147696
507,165,0.11399809428430502
507,166,0.10492905472147696
507,167,0.10492905472147696
507,169,0.10656051995242856
507,170,0.11563729963374086
507,172,0.10492905472147696
507,173,0.10492905472147696
507,174,0.10492905472147696
507,213,0.10492905472147696
507,214,0.10492905472147696
507,222,0.10674076288504311
507,235,0.10492905472147696
507,237,0.10492905472147696
507,242,0.10492905472147696
507,243,0.1062083459891446
507,244,0.10492905472147696
507,245,0.11245409423405167
507,246,0.11493172984844294
508,40,0.10497212922994707
508,41,0.11439929831180326
508,42,0.1151142921596785
508,43,0.10497212922994707
508,47,0.11327588230770552
508,48,0.10839621397883571
508,49,0.10497212922994707
508,50,0.11343472540939499
508,52,0.11067042320933368
508,53,0.10497212922994707
508,54,0.10820041256438141
508,55,0.11170923217351163
508,56,0.10734534217227855
508,57,0.11023776051859391
508,67,0.10859786737980723
508,69,0.1153899442151217
508,70,0.10912928416249
508,73,0.10767430734251873
508,74,0.10497212922994707
508,76,0.10892297190243669
508,78,0.10497212922994707
508,79,0.11044523827236151
508,80,0.1072288236301603
508,81,0.1161370638901871
508,120,0.11495532297391248
508,154,0.1072288236301603
508,155,0.10497212922994707
508,156,0.10497212922994707
508,157,0.11616614268435392
508,158,0.11240550080816386
508,159,0.10497212922994707
508,160,0.11614277977503279
508,161,0.10497212922994707
508,162,0.11304312255923561
508,163,0.11333994283163666
508,164,0.10497212922994707
508,165,0.11222736088020953
508,166,0.10497212922994707
508,167,0.10497212922994707
508,169,0.1082350596918503
508,170,0.11560062077454107
508,172,0.10497212922994707
508,173,0.10497212922994707
508,174,0.10497212922994707
508,213,0.10497212922994707
508,214,0.10497212922994707
508,222,0.1085955455570794
508,235,0.10497212922994707
508,237,0.10497212922994707
508,242,0.10497212922994707
508,243,0.10753071176528237
508,244,0.10497212922994707
508,245,0.11099216084000685
508,246,0.11491916702335042
509,40,0.1050152037384172
509,41,0.11438692408662778
509,42,0.11508771351687194
509,43,0.1050152037384172
509,47,0.11339721823369737
509,48,0.11015133086175016
509,49,0.1050152037384172
509,50,0.11314206057975174
509,52,0.10928892422295716
509,53,0.1050152037384172
509,54,0.10985762874006871
509,55,0.11006803094609062
509,56,0.10857502315191442
509,57,0.10896442720490232
509,67,0.11045381096320742
509,69,0.11557061955200285
509,70,0.1112509361372316
509,73,0.10906847090727469
509,74,0.1050152037384172
509,76,0.11094146774715163
509,78,0.1050152037384172
509,79,0.10912003552022803
509,80,0.10840024533873703
509,81,0.1161067580664365
509,120,0.11492733979695632
509,154,0.10840024533873703
509,155,0.1050152037384172
509,156,0.1050152037384172
509,157,0.11613052302880081
509,158,0.11245778203844789
509,159,0.1050152037384172
509,160,0.11610995160872659
509,161,0.1050152037384172
509,162,0.11289959338473282
509,163,0.11332648715554704
509,164,0.1050152037384172
509,165,0.11045662747611404
509,166,0.1050152037384172
509,167,0.1050152037384172
509,169,0.10990959943127201
509,170,0.11556394191534128
509,172,0.1050152037384172
509,173,0.1050152037384172
509,174,0.1050152037384172
509,213,0.1050152037384172
509,214,0.1050152037384172
509,222,0.11045032822911569
509,235,0.1050152037384172
509,237,0.1050152037384172
509,242,0.1050152037384172
509,243,0.10885307754142012
509,244,0.1050152037384172
509,245,0.10953022744596203
509,246,0.11490660419825789
510,40,0.10505827824688733
510,41,0.11437454986145229
510,42,0.11506113487406538
510,43,0.10505827824688733
510,47,0.11351855415968923
510,48,0.11190644774466461
510,49,0.10505827824688733
510,50,0.1128493957501085
510,52,0.10790742523658063
510,53,0.10505827824688733
510,54,0.111514844915756
510,55,0.10842682971866961
510,56,0.10980470413155027
510,57,0.10769109389121075
510,67,0.11230975454660762
510,69,0.115751294888884
510,70,0.11337258811197319
510,73,0.11046263447203064
510,74,0.10505827824688733
510,76,0.11295996359186657
510,78,0.10505827824688733
510,79,0.10779483276809454
510,80,0.10957166704731376
510,81,0.1160764522426859
510,120,0.11489935662000018
510,154,0.10957166704731376
510,155,0.10505827824688733
510,156,0.10505827824688733
510,157,0.1160949033732477
510,158,0.11251006326873192
510,159,0.10505827824688733
510,160,0.11607712344242037
510,161,0.10505827824688733
510,162,0.11275606421023003
510,163,0.11331303147945741
510,164,0.10505827824688733
510,165,0.10868589407201856
510,166,0.10505827824688733
510,167,0.10505827824688733
510,169,0.11158413917069375
510,170,0.11552726305614147
510,172,0.10505827824688733
510,173,0.10505827824688733
510,174,0.10505827824688733
510,213,0.10505827824688733
510,214,0.10505827824688733
510,222,0.11230511090115197
510,235,0.10505827824688733
510,237,0.10505827824688733
510,242,0.10505827824688733
510,243,0.1101754433175579
510,244,0.10505827824688733
510,245,0.10806829405191722
510,246,0.11489404137316536
511,40,0.10510135275535745
511,41,0.1143621756362768
511,42,0.11503455623125881
511,43,0.10510135275535745
511,47,0.11363989008568108
511,48,0.11366156462757905
511,49,0.10510135275535745
511,50,0.11255673092046525
511,52,0.1065259262502041
511,53,0.10510135275535745
511,54,0.11317206109144329
511,55,0.10678562849124859
511,56,0.11103438511118613
511,57,0.10641776057751917
511,67,0.11416569813000782
511,69,0.11593197022576514
511,70,0.11549424008671477
511,73,0.1118567980367866
511,74,0.10510135275535745
511,76,0.1149784594365815
511,78,0.10510135275535745
511,79,0.10646963001596106
511,80,0.1107430887558905
511,81,0.1160461464189353
511,120,0.11487137344304404
511,154,0.1107430887558905
511,155,0.10510135275535745
511,156,0.10510135275535745
511,157,0.11605928371769458
511,158,0.11256234449901596
511,159,0.10510135275535745
511,160,0.11604429527611416
511,161,0.10510135275535745
511,162,0.11261253503572725
511,163,0.1132995758033678
511,164,0.10510135275535745
511,165,0.10691516066792307
511,166,0.10510135275535745
511,167,0.10510135275535745
511,169,0.11325867891011548
511,170,0.11549058419694166
511,172,0.10510135275535745
511,173,0.10510135275535745
511,174,0.10510135275535745
511,213,0.10510135275535745
511,214,0.10510135275535745
511,222,0.11415989357318826
511,235,0.10510135275535745
511,237,0.10510135275535745
511,242,0.10510135275535745
511,243,0.11149780909369567
511,244,0.10510135275535745
511,245,0.1066063606578724
511,246,0.11488147854807285
512,40,0.10514442726382758
512,41,0.11434980141110132
512,42,0.11500797758845226
512,43,0.10514442726382758
512,47,0.11376122601167293
512,48,0.1154166815104935
512,49,0.10514442726382758
512,50,0.112264066090822
512,52,0.10514442726382758
512,53,0.10514442726382758
512,54,0.11482927726713059
512,55,0.10514442726382758
512,56,0.112264066090822
512,57,0.10514442726382758
512,67,0.11602164171340802
512,69,0.11611264556264628
512,70,0.11761589206145637
512,73,0.11325096160154255
512,74,0.10514442726382758
512,76,0.11699695528129643
512,78,0.10514442726382758
512,79,0.10514442726382758
512,80,0.11191451046446724
512,81,0.1160158405951847
512,120,0.11484339026608789
512,154,0.11191451046446724
512,155,0.10514442726382758
512,156,0.10514442726382758
512,157,0.11602366406214147
512,158,0.11261462572929999
512,159,0.10514442726382758
512,160,0.11601146710980796
512,161,0.10514442726382758
512,162,0.11246900586122446
512,163,0.11328612012727818
512,164,0.10514442726382758
512,165,0.10514442726382758
512,166,0.10514442726382758
512,167,0.10514442726382758
512,169,0.11493321864953722
512,170,0.11545390533774187
512,172,0.10514442726382758
512,173,0.10514442726382758
512,174,0.10514442726382758
512,213,0.10514442726382758
512,214,0.10514442726382758
512,222,0.11601467624522455
512,235,0.10514442726382758
512,237,0.10514442726382758
512,242,0.10514442726382758
512,243,0.11282017486983344
512,244,0.10514442726382758
512,245,0.10514442726382758
512,246,0.11486891572298032
513,40,0.10242551049723035
513,41,0.11631322672671594
513,42,0.11728293193561157
513,43,0.10753874436686948
513,47,0.1154073313057134
513,48,0.11632986815992544
513,49,0.10242551049723035
513,50,0.11451110868935614
513,52,0.10242551049723035
513,53,0.10242551049723035
513,54,0.11699052622699128
513,55,0.1093673392270549
513,56,0.11527833810493061
513,57,0.10242551049723035
513,67,0.11887643429823566
513,69,0.1180586940016767
513,70,0.12090306598652936
513,73,0.11429418964829861
513,74,0.10242551049723035
513,76,0.11230261717845438
513,78,0.10242551049723035
513,79,0.10242551049723035
513,80,0.10806724649776339
513,81,0.11887092847221808
513,120,0.1170035888062593
513,154,0.10806724649776339
513,155,0.10242551049723035
513,156,0.10242551049723035
513,157,0.1188650307617545
513,158,0.11428805824065061
513,159,0.10679169941944684
513,160,0.11886974344746412
513,161,0.10242551049723035
513,162,0.11423890684032424
513,163,0.11457824844763602
513,164,0.10242551049723035
513,165,0.10986908387987417
513,166,0.10242551049723035
513,167,0.10242551049723035
513,169,0.11494902557420487
513,170,0.11791919880176861
513,172,0.10242551049723035
513,173,0.10936542051800587
513,174,0.10936542051800587
513,213,0.10242551049723035
513,214,0.10679169941944684
513,222,0.11886771541538373
513,235,0.10242551049723035
513,237,0.10242551049723035
513,242,0.10242551049723035
513,243,0.10882196683556855
513,244,0.10242551049723035
513,245,0.10242551049723035
513,246,0.11052925087985763
514,40,0.0997065937306331
514,41,0.11827665204233057
514,42,0.11955788628277088
514,43,0.10993306146991137
514,47,0.11705343659975387
514,48,0.11724305480935736
514,49,0.0997065937306331
514,50,0.11675815128789029
514,52,0.0997065937306331
514,53,0.0997065937306331
514,54,0.11915177518685198
514,55,0.1135902511902822
514,56,0.11829261011903923
514,57,0.0997065937306331
514,67,0.1217312268830633
514,69,0.12000474244070715
514,70,0.12419023991160236
514,73,0.11533741769505469
514,74,0.0997065937306331
514,76,0.10760827907561234
514,78,0.0997065937306331
514,79,0.0997065937306331
514,80,0.10421998253105955
514,81,0.12172601634925147
514,120,0.11916378734643072
514,154,0.10421998253105955
514,155,0.0997065937306331
514,156,0.0997065937306331
514,157,0.12170639746136754
514,158,0.11596149075200123
514,159,0.10843897157506611
514,160,0.12172801978512028
514,161,0.0997065937306331
514,162,0.11600880781942402
514,163,0.11587037676799386
514,164,0.0997065937306331
514,165,0.11459374049592075
514,166,0.0997065937306331
514,167,0.0997065937306331
514,169,0.11496483249887253
514,170,0.12038449226579535
514,172,0.0997065937306331
514,173,0.11358641377218415
514,174,0.11358641377218415
514,213,0.0997065937306331
514,214,0.10843897157506611
514,222,0.12172075458554292
514,235,0.0997065937306331
514,237,0.0997065937306331
514,242,0.0997065937306331
514,243,0.10482375880130368
514,244,0.0997065937306331
514,245,0.0997065937306331
514,246,0.10618958603673494
515,40,0.09698767696403587
515,41,0.12024007735794519
515,42,0.12183284062993019
515,43,0.11232737857295327
515,47,0.11869954189379434
515,48,0.1181562414587893
515,49,0.09698767696403587
515,50,0.11900519388642444
515,52,0.09698767696403587
515,53,0.09698767696403587
515,54,0.12131302414671266
515,55,0.11781316315350951
515,56,0.12130688213314786
515,57,0.09698767696403587
515,67,0.12458601946789094
515,69,0.12195079087973758
515,70,0.12747741383667535
515,73,0.11638064574181076
515,74,0.09698767696403587
515,76,0.10291394097277029
515,78,0.09698767696403587
515,79,0.09698767696403587
515,80,0.1003727185643557
515,81,0.12458110422628485
515,120,0.12132398588660213
515,154,0.1003727185643557
515,155,0.09698767696403587
515,156,0.09698767696403587
515,157,0.12454776416098057
515,158,0.11763492326335184
515,159,0.11008624373068537
515,160,0.12458629612277644
515,161,0.09698767696403587
515,162,0.11777870879852381
515,163,0.11716250508835171
515,164,0.09698767696403587
515,165,0.11931839711196733
515,166,0.09698767696403587
515,167,0.09698767696403587
515,169,0.1149806394235402
515,170,0.12284978572982211
515,172,0.09698767696403587
515,173,0.11780740702636243
515,174,0.11780740702636243
515,213,0.09698767696403587
515,214,0.11008624373068537
515,222,0.1245737937557021
515,235,0.09698767696403587
515,237,0.09698767696403587
515,242,0.09698767696403587
515,243,0.10082555076703881
515,244,0.09698767696403587
515,245,0.09698767696403587
515,246,0.10184992119361225
516,40,0.09426876019743864
516,41,0.12220350267355981
516,42,0.12410779497708949
516,43,0.11472169567599518
516,47,0.1203456471878348
516,48,0.11906942810822123
516,49,0.09426876019743864
516,50,0.12125223648495859
516,52,0.09426876019743864
516,53,0.09426876019743864
516,54,0.12347427310657336
516,55,0.12203607511673682
516,56,0.12432115414725647
516,57,0.09426876019743864
516,67,0.12744081205271857
516,69,0.123896839318768
516,70,0.13076458776174835
516,73,0.11742387378856682
516,74,0.09426876019743864
516,76,0.09821960286992826
516,78,0.09426876019743864
516,79,0.09426876019743864
516,80,0.09652545459765186
516,81,0.12743619210331825
516,120,0.12348418442677354
516,154,0.09652545459765186
516,155,0.09426876019743864
516,156,0.09426876019743864
516,157,0.12738913086059359
516,158,0.11930835577470247
516,159,0.11173351588630463
516,160,0.12744457246043261
516,161,0.09426876019743864
516,162,0.11954860977762359
516,163,0.11845463340870956
516,164,0.09426876019743864
516,165,0.12404305372801391
516,166,0.09426876019743864
516,167,0.09426876019743864
516,169,0.11499644634820785
516,170,0.12531507919384885
516,172,0.09426876019743864
516,173,0.12202840028054071
516,174,0.12202840028054071
516,213,0.09426876019743864
516,214,0.11173351588630463
516,222,0.1274268329258613
516,235,0.09426876019743864
516,237,0.09426876019743864
516,242,0.09426876019743864
516,243,0.09682734273277392
516,244,0.09426876019743864
516,245,0.09426876019743864
516,246,0.09751025635048954
517,40,0.0915498434308414
517,41,0.12416692798917443
517,42,0.1263827493242488
517,43,0.11711601277903706
517,47,0.12199175248187527
517,48,0.11998261475765315
517,49,0.0915498434308414
517,50,0.12349927908349273
517,52,0.0915498434308414
517,53,0.0915498434308414
517,54,0.12563552206643405
517,55,0.12625898707996414
517,56,0.1273354261613651
517,57,0.0915498434308414
517,67,0.13029560463754622
517,69,0.12584288775779845
517,70,0.13405176168682134
517,73,0.1184671018353229
517,74,0.0915498434308414
517,76,0.09352526476708621
517,78,0.0915498434308414
517,79,0.0915498434308414
517,80,0.09267819063094801
517,81,0.13029127998035162
517,120,0.12564438296694497
517,154,0.09267819063094801
517,155,0.0915498434308414
517,156,0.0915498434308414
517,157,0.13023049756020663
517,158,0.12098178828605309
517,159,0.1133807880419239
517,160,0.13030284879808876
517,161,0.0915498434308414
517,162,0.12131851075672337
517,163,0.1197467617290674
517,164,0.0915498434308414
517,165,0.12876771034406048
517,166,0.0915498434308414
517,167,0.0915498434308414
517,169,0.11501225327287551
517,170,0.1277803726578756
517,172,0.0915498434308414
517,173,0.12624939353471898
517,174,0.12624939353471898
517,213,0.0915498434308414
517,214,0.1133807880419239
517,222,0.13027987209602046
517,235,0.0915498434308414
517,237,0.0915498434308414
517,242,0.0915498434308414
517,243,0.09282913469850904
517,244,0.0915498434308414
517,245,0.0915498434308414
517,246,0.09317059150736685
518,40,0.08883092666424416
518,41,0.12613035330478906
518,42,0.1286577036714081
518,43,0.11951032988207896
518,47,0.12363785777591574
518,48,0.12089580140708509
518,49,0.08883092666424416
518,50,0.12574632168202687
518,52,0.08883092666424416
518,53,0.08883092666424416
518,54,0.12779677102629475
518,55,0.13048189904319143
518,56,0.1303496981754737
518,57,0.08883092666424416
518,67,0.13315039722237385
518,69,0.12778893619682888
518,70,0.13733893561189434
518,73,0.11951032988207896
518,74,0.08883092666424416
518,76,0.08883092666424416
518,78,0.08883092666424416
518,79,0.08883092666424416
518,80,0.08883092666424416
518,81,0.133146367857385
518,120,0.12780458150711638
518,154,0.08883092666424416
518,155,0.08883092666424416
518,156,0.08883092666424416
518,157,0.13307186425981965
518,158,0.12265522079740371
518,159,0.11502806019754316
518,160,0.13316112513574493
518,161,0.08883092666424416
518,162,0.12308841173582315
518,163,0.12103889004942524
518,164,0.08883092666424416
518,165,0.13349236696010708
518,166,0.08883092666424416
518,167,0.08883092666424416
518,169,0.11502806019754316
518,170,0.13024566612190233
518,172,0.08883092666424416
518,173,0.13047038678889727
518,174,0.13047038678889727
518,213,0.08883092666424416
518,214,0.11502806019754316
518,222,0.13313291126617965
518,235,0.08883092666424416
518,237,0.08883092666424416
518,242,0.08883092666424416
518,243,0.08883092666424416
518,244,0.08883092666424416
518,245,0.08883092666424416
518,246,0.08883092666424416
519,40,0.09163374503721773
519,41,0.12271660057100514
519,42,0.12613916883180254
519,43,0.1171999143854134
519,47,0.1206395209636107
519,48,0.11951670073299468
519,49,0.09163374503721773
519,50,0.1235181567047485
519,52,0.09163374503721773
519,53,0.09163374503721773
519,54,0.12410528200559322
519,55,0.1277322124347238
519,56,0.12770333883345447
519,57,0.09260508318471351
519,67,0.13011957082306247
519,69,0.12550889884573962
519,70,0.1320570858269262
519,73,0.11831181313768084
519,74,0.09163374503721773
519,76,0.09332633875190742
519,78,0.09163374503721773
519,79,0.09163374503721773
519,80,0.09163374503721773
519,81,0.1285632793648351
519,120,0.12411179073961123
519,154,0.09163374503721773
519,155,0.09163374503721773
519,156,0.09163374503721773
519,157,0.13005957511480137
519,158,0.12105374368549458
519,159,0.11501947738463293
519,160,0.13012645866279188
519,161,0.09163374503721773
519,162,0.12133267001423823
519,163,0.11994680662579114
519,164,0.09163374503721773
519,165,0.13040631595404267
519,166,0.09163374503721773
519,167,0.09163374503721773
519,169,0.1149342791060921
519,170,0.1276514824135052
519,172,0.09163374503721773
519,173,0.12780844287092485
519,174,0.12780844287092485
519,213,0.09163374503721773
519,214,0.11501947738463293
519,222,0.1303375088288971
519,235,0.09163374503721773
519,237,0.09163374503721773
519,242,0.09163374503721773
519,243,0.09272126588776469
519,244,0.09163374503721773
519,245,0.09260508318471351
519,246,0.09331976785981279
520,40,0.0944365634101913
520,41,0.11930284783722123
520,42,0.12362063399219696
520,43,0.11488949888874783
520,47,0.11764118415130567
520,48,0.11813760005890427
520,49,0.0944365634101913
520,50,0.12128999172747013
520,52,0.0944365634101913
520,53,0.0944365634101913
520,54,0.12041379298489169
520,55,0.12498252582625614
520,56,0.1250569794914352
520,57,0.09637923970518286
520,67,0.12708874442375107
520,69,0.1232288614946504
520,70,0.12677523604195806
520,73,0.11711329639328272
520,74,0.0944365634101913
520,76,0.09782175083957068
520,78,0.0944365634101913
520,79,0.0944365634101913
520,80,0.0944365634101913
520,81,0.12398019087228519
520,120,0.1204189999721061
520,154,0.0944365634101913
520,155,0.0944365634101913
520,156,0.0944365634101913
520,157,0.1270472859697831
520,158,0.11945226657358546
520,159,0.1150108945717227
520,160,0.12709179218983885
520,161,0.0944365634101913
520,162,0.11957692829265329
520,163,0.11885472320215704
520,164,0.0944365634101913
520,165,0.12732026494797827
520,166,0.0944365634101913
520,167,0.0944365634101913
520,169,0.11484049801464101
520,170,0.1250572987051081
520,172,0.0944365634101913
520,173,0.1251464989529524
520,174,0.1251464989529524
520,213,0.0944365634101913
520,214,0.1150108945717227
520,222,0.12754210639161456
520,235,0.0944365634101913
520,237,0.0944365634101913
520,242,0.0944365634101913
520,243,0.09661160511128522
520,244,0.0944365634101913
520,245,0.09637923970518286
520,246,0.09780860905538141
521,40,0.09723938178316485
521,41,0.11588909510343731
521,42,0.12110209915259137
521,43,0.11257908339208225
521,47,0.11464284733900065
521,48,0.11675849938481386
521,49,0.09723938178316485
521,50,0.11906182675019175
521,52,0.09723938178316485
521,53,0.09723938178316485
521,54,0.11672230396419014
521,55,0.12223283921778849
521,56,0.12241062014941596
521,57,0.10015339622565222
521,67,0.12405791802443969
521,69,0.12094882414356116
521,70,0.12149338625698994
521,73,0.1159147796488846
521,74,0.09723938178316485
521,76,0.10231716292723393
521,78,0.09723938178316485
521,79,0.09723938178316485
521,80,0.09723938178316485
521,81,0.11939710237973528
521,120,0.11672620920460097
521,154,0.09723938178316485
521,155,0.09723938178316485
521,156,0.09723938178316485
521,157,0.1240349968247648
521,158,0.11785078946167633
521,159,0.11500231175881247
521,160,0.12405712571688579
521,161,0.09723938178316485
521,162,0.11782118657106837
521,163,0.11776263977852294
521,164,0.09723938178316485
521,165,0.12423421394191386
521,166,0.09723938178316485
521,167,0.09723938178316485
521,169,0.11474671692318994
521,170,0.12246311499671098
521,172,0.09723938178316485
521,173,0.12248455503497999
521,174,0.12248455503497999
521,213,0.09723938178316485
521,214,0.11500231175881247
521,222,0.12474670395433202
521,235,0.09723938178316485
521,237,0.09723938178316485
521,242,0.09723938178316485
521,243,0.10050194433480575
521,244,0.09723938178316485
521,245,0.10015339622565222
521,246,0.10229745025095005
522,40,0.10004220015613842
522,41,0.11247534236965338
522,42,0.1185835643129858
522,43,0.11026866789541669
522,47,0.11164451052669562
522,48,0.11537939871072346
522,49,0.10004220015613842
522,50,0.11683366177291336
522,52,0.10004220015613842
522,53,0.10004220015613842
522,54,0.11303081494348861
522,55,0.11948315260932084
522,56,0.11976426080739672
522,57,0.10392755274612157
522,67,0.12102709162512831
522,69,0.11866878679247192
522,70,0.11621153647202181
522,73,0.11471626290448647
522,74,0.10004220015613842
522,76,0.10681257501489719
522,78,0.10004220015613842
522,79,0.10004220015613842
522,80,0.10004220015613842
522,81,0.11481401388718537
522,120,0.11303341843709583
522,154,0.10004220015613842
522,155,0.10004220015613842
522,156,0.10004220015613842
522,157,0.12102270767974653
522,158,0.11624931234976721
522,159,0.11499372894590223
522,160,0.12102245924393275
522,161,0.10004220015613842
522,162,0.11606544484948345
522,163,0.11667055635488885
522,164,0.10004220015613842
522,165,0.12114816293584946
522,166,0.10004220015613842
522,167,0.10004220015613842
522,169,0.11465293583173887
522,170,0.11986893128831386
522,172,0.10004220015613842
522,173,0.11982261111700755
522,174,0.11982261111700755
522,213,0.10004220015613842
522,214,0.11499372894590223
522,222,0.12195130151704948
522,235,0.10004220015613842
522,237,0.10004220015613842
522,242,0.10004220015613842
522,243,0.10439228355832629
522,244,0.10004220015613842
522,245,0.10392755274612157
522,246,0.10678629144651867
523,40,0.10284501852911199
523,41,0.10906158963586947
523,42,0.11606502947338024
523,43,0.10795825239875112
523,47,0.10864617371439059
523,48,0.11400029803663304
523,49,0.10284501852911199
523,50,0.11460549679563499
523,52,0.10284501852911199
523,53,0.10284501852911199
523,54,0.10933932592278708
523,55,0.1167334660008532
523,56,0.11711790146537747
523,57,0.10770170926659092
523,67,0.11799626522581694
523,69,0.11638874944138268
523,70,0.11092968668705369
523,73,0.11351774616008835
523,74,0.10284501852911199
523,76,0.11130798710256044
523,78,0.10284501852911199
523,79,0.10284501852911199
523,80,0.10284501852911199
523,81,0.11023092539463547
523,120,0.10934062766959068
523,154,0.10284501852911199
523,155,0.10284501852911199
523,156,0.10284501852911199
523,157,0.11801041853472824
523,158,0.11464783523785808
523,159,0.114985146132992
523,160,0.1179877927709797
523,161,0.10284501852911199
523,162,0.11430970312789851
523,163,0.11557847293125474
523,164,0.10284501852911199
523,165,0.11806211192978505
523,166,0.10284501852911199
523,167,0.10284501852911199
523,169,0.11455915474028779
523,170,0.11727474757991674
523,172,0.10284501852911199
523,173,0.11716066719903512
523,174,0.11716066719903512
523,213,0.10284501852911199
523,214,0.114985146132992
523,222,0.11915589907976694
523,235,0.10284501852911199
523,237,0.10284501852911199
523,242,0.10284501852911199
523,243,0.10828262278184682
523,244,0.10284501852911199
523,245,0.10770170926659092
523,246,0.1112751326420873
524,40,0.10564783690208555
524,41,0.10564783690208555
524,42,0.11354649463377466
524,43,0.10564783690208555
524,47,0.10564783690208555
524,48,0.11262119736254264
524,49,0.10564783690208555
524,50,0.11237733181835662
524,52,0.10564783690208555
524,53,0.10564783690208555
524,54,0.10564783690208555
524,55,0.11398377939238555
524,56,0.11447154212335822
524,57,0.11147586578706027
524,67,0.11496543882650555
524,69,0.11410871209029344
524,70,0.10564783690208555
524,73,0.11231922941569022
524,74,0.10564783690208555
524,76,0.1158033991902237
524,78,0.10564783690208555
524,79,0.10564783690208555
524,80,0.10564783690208555
524,81,0.10564783690208555
524,120,0.10564783690208555
524,154,0.10564783690208555
524,155,0.10564783690208555
524,156,0.10564783690208555
524,157,0.11499812938970996
524,158,0.11304635812594896
524,159,0.11497656332008177
524,160,0.11495312629802666
524,161,0.10564783690208555
524,162,0.11255396140631359
524,163,0.11448638950762065
524,164,0.10564783690208555
524,165,0.11497606092372065
524,166,0.10564783690208555
524,167,0.10564783690208555
524,169,0.11446537364883672
524,170,0.11468056387151962
524,172,0.10564783690208555
524,173,0.11449872328106268
524,174,0.11449872328106268
524,213,0.10564783690208555
524,214,0.11497656332008177
524,222,0.11636049664248439
524,235,0.10564783690208555
524,237,0.10564783690208555
524,242,0.10564783690208555
524,243,0.11217296200536735
524,244,0.10564783690208555
524,245,0.11147586578706027
524,246,0.11576397383765592
525,40,0.09561677188591076
525,41,0.09561677188591076
525,42,0.12040349437658626
525,43,0.09561677188591076
525,47,0.09561677188591076
525,48,0.1175335982266302
525,49,0.09561677188591076
525,50,0.11563994115114734
525,52,0.09561677188591076
525,53,0.09561677188591076
525,54,0.11802492495478178
525,55,0.12205490692298607
525,56,0.11981242156160819
525,57,0.09853078632839812
525,67,0.12583083723605146
525,69,0.12259883249589905
525,70,0.12367530088831472
525,73,0.09895246814271311
525,74,0.09561677188591076
525,76,0.12873731684923392
525,78,0.09561677188591076
525,79,0.09561677188591076
525,80,0.09561677188591076
525,81,0.09561677188591076
525,120,0.11803849179513093
525,154,0.09561677188591076
525,155,0.09561677188591076
525,156,0.09561677188591076
525,157,0.1258479730887751
525,158,0.11894413673041096
525,159,0.10028113509490888
525,160,0.12578806692243782
525,161,0.09561677188591076
525,162,0.11624162066603116
525,163,0.10003604818867831
525,164,0.09561677188591076
525,165,0.10028088389672832
525,166,0.12117914330864318
525,167,0.09561677188591076
525,169,0.12396376372076005
525,170,0.12468111212120055
525,172,0.09561677188591076
525,173,0.12404312882439747
525,174,0.12404312882439747
525,213,0.09561677188591076
525,214,0.10028113509490888
525,222,0.12654570691711528
525,235,0.09561677188591076
525,237,0.09561677188591076
525,242,0.09561677188591076
525,243,0.11581979635994205
525,244,0.09561677188591076
525,245,0.1143205874228863
525,246,0.12874158652872233
526,40,0.08558570686973598
526,41,0.08558570686973598
526,42,0.12726049411939785
526,43,0.08558570686973598
526,47,0.08558570686973598
526,48,0.12244599909071778
526,49,0.08558570686973598
526,50,0.11890255048393808
526,52,0.08558570686973598
526,53,0.08558570686973598
526,54,0.13040201300747803
526,55,0.1301260344535866
526,56,0.12515330099985816
526,57,0.08558570686973598
526,67,0.13669623564559738
526,69,0.13108895290150466
526,70,0.1417027648745439
526,73,0.08558570686973598
526,74,0.08558570686973598
526,76,0.14167123450824415
526,78,0.08558570686973598
526,79,0.08558570686973598
526,80,0.08558570686973598
526,81,0.08558570686973598
526,120,0.1304291466881763
526,154,0.08558570686973598
526,155,0.08558570686973598
526,156,0.08558570686973598
526,157,0.13669781678784024
526,158,0.12484191533487296
526,159,0.08558570686973598
526,160,0.136623007546849
526,161,0.08558570686973598
526,162,0.11992927992574873
526,163,0.08558570686973598
526,164,0.08558570686973598
526,165,0.08558570686973598
526,166,0.13671044971520083
526,167,0.08558570686973598
526,169,0.1334621537926834
526,170,0.13468166037088147
526,172,0.08558570686973598
526,173,0.13358753436773227
526,174,0.13358753436773227
526,213,0.08558570686973598
526,214,0.08558570686973598
526,222,0.13673091719174615
526,235,0.08558570686973598
526,237,0.08558570686973598
526,242,0.08558570686973598
526,243,0.11946663071451677
526,244,0.08558570686973598
526,245,0.11716530905871232
526,246,0.14171919921978876
